=~=~=~=~=~=~=~=~=~=~=~= PuTTY log 2024.04.25 23:11:22 =~=~=~=~=~=~=~=~=~=~=~=


                            A B Z BA M K S  C JAD H L  nxt +2 +1
  000  [003101E00 007F 00] 00 0 3 11 E 0 0  J 07F 0 0  1FC         
  001  [001101E0D 007F 10] 00 0 1 11 E 0 D  J 07F 1 0  1FE         
  002  [003000000 017F 01] 00 0 3 00 0 0 0  J 17F 0 1  5FD         
  003  [000200627 0180 00] 00 0 0 02 6 2 7  J 180 0 0  600         
  004  [000000000 0181 10] 00 0 0 00 0 0 0  J 181 1 0  606         
  005  [01300002D 0007 10] 00 1 3 00 0 2 D  J 007 1 0  01E         
  006  [015000030 008B 00] 00 1 5 00 0 3 0  J 08B 0 0  22C         
  007  [004000000 008C 00] 00 0 4 00 0 0 0  J 08C 0 0  230         
  008  [016000070 0000 07] 00 1 6 00 0 7 0  J 000 0 7  000    RT   
  009  [060010000 00D4 14] 10 6 0 00 0 0 0  J 0D4 1 4  352    Z0   
  00A  [000000000 0000 07] 00 0 0 00 0 0 0  J 000 0 7  000    RT   
  00B  [01400002C 010B 10] 00 1 4 00 0 2 C  J 10B 1 0  42E         
  00C  [000000000 0122 10] 00 0 0 00 0 0 0  J 122 1 0  48A         
  00D  [4106110B0 0072 44] 14 1 0 16 0 B 0  J 072 4 4  1C8 OV Z0   
  00E  [00000000D 0121 06] 00 0 0 00 0 0 D  J 121 0 6  484    SC   
  00F  [3031112E0 0140 50] 13 0 3 11 2 E 0  J 140 5 0  500 CC      
  010  [303110000 0083 10] 13 0 3 01 0 0 0  J 083 1 0  20E         
  011  [604010000 0004 00] 16 0 4 00 0 0 0  J 004 0 0  010         
  012  [602010000 0004 00] 16 0 2 00 0 0 0  J 004 0 0  010         
  013  [601010000 0004 00] 16 0 1 00 0 0 0  J 004 0 0  010         
  014  [006000340 0000 07] 00 0 6 00 3 4 0  J 000 0 7  000    RT   
  015  [00600034C 0000 07] 00 0 6 00 3 4 C  J 000 0 7  000    RT   
  016  [00600034C 0000 07] 00 0 6 00 3 4 C  J 000 0 7  000    RT   
  017  [6106110F0 0084 04] 16 1 0 16 0 F 0  J 084 0 4  210    Z0   
  018  [515611010 11B9 11] 15 1 5 16 0 1 0  C 1B9 1 1  6E7         
  019  [004100660 0181 00] 00 0 4 01 6 6 0  J 181 0 0  604         
  01A  [000000000 11B9 11] 00 0 0 00 0 0 0  C 1B9 1 1  6E7         
  01B  [004100660 0181 00] 00 0 4 01 6 6 0  J 181 0 0  604         
  01C  [616210323 0007 10] 16 1 6 02 3 2 3  J 007 1 0  01E         
  01D  [606310314 0007 10] 16 0 6 03 3 1 4  J 007 1 0  01E         
  01E  [3031115F0 0007 33] 13 0 3 11 5 F 0  J 007 3 3  01C S3 S2   
  01F  [60631030D 010B 10] 16 0 6 03 3 0 D  J 10B 1 0  42E         
  020  [0150000A7 008E 10] 00 1 5 00 0 A 7  J 08E 1 0  23A         
  021  [0000005E0 0145 21] 00 0 0 00 5 E 0  J 145 2 1  515 S1      
  022  [000000000 0000 07] 00 0 0 00 0 0 0  J 000 0 7  000    RT   
  023  [000000000 0000 07] 00 0 0 00 0 0 0  J 000 0 7  000    RT   
  024  [005000000 0090 00] 00 0 5 00 0 0 0  J 090 0 0  240         
  025  [0150000AD 0090 00] 00 1 5 00 0 A D  J 090 0 0  240         
  026  [0160000F0 0091 00] 00 1 6 00 0 F 0  J 091 0 0  244         
  027  [605010000 0183 00] 16 0 5 00 0 0 0  J 183 0 0  60C         
  028  [000000000 000B 62] 00 0 0 00 0 0 0  J 00B 6 2  02C KB S0   
  029  [0000005B0 0148 60] 00 0 0 00 5 B 0  J 148 6 0  520 KB      
  02A  [004100630 0184 00] 00 0 4 01 6 3 0  J 184 0 0  610         
  02B  [016000030 014E 21] 00 1 6 00 0 3 0  J 14E 2 1  539 S1      
  02C  [0000005C0 0147 00] 00 0 0 00 5 C 0  J 147 0 0  51C         
  02D  [0000005D0 0147 00] 00 0 0 00 5 D 0  J 147 0 0  51C         
  02E  [000000000 0148 21] 00 0 0 00 0 0 0  J 148 2 1  521 S1      
  02F  [000000000 0148 21] 00 0 0 00 0 0 0  J 148 2 1  521 S1      
  030  [6020105E0 000D 22] 16 0 2 00 5 E 0  J 00D 2 2  034 S1 S0   
  031  [602010000 0149 20] 16 0 2 00 0 0 0  J 149 2 0  524 S1      
  032  [60001000F 000F 22] 16 0 0 00 0 0 F  J 00F 2 2  03C S1 S0   
  033  [60201000D 000E 22] 16 0 2 00 0 0 D  J 00E 2 2  038 S1 S0   
  034  [6466112E0 000D 10] 16 4 6 16 2 E 0  J 00D 1 0  036         
  035  [003000000 00C1 00] 00 0 3 00 0 0 0  J 0C1 0 0  304         
  036  [013000010 0029 01] 00 1 3 00 0 1 0  J 029 0 1  0A5         
  037  [0041005E0 000D 00] 00 0 4 01 5 E 0  J 00D 0 0  034         
  038  [012000073 018D 01] 00 1 2 00 0 7 3  J 18D 0 1  635         
  039  [012000073 018D 01] 00 1 2 00 0 7 3  J 18D 0 1  635         
  03A  [003000004 002B 00] 00 0 3 00 0 0 4  J 02B 0 0  0AC         
  03B  [616010010 0149 01] 16 1 6 00 0 1 0  J 149 0 1  525         
  03C  [6100100E0 0149 51] 16 1 0 00 0 E 0  J 149 5 1  525 CC      
  03D  [6100100D0 014A 50] 16 1 0 00 0 D 0  J 14A 5 0  528 CC      
  03E  [01200008D 018D 01] 00 1 2 00 0 8 D  J 18D 0 1  635         
  03F  [01200008D 018D 01] 00 1 2 00 0 8 D  J 18D 0 1  635         
  040  [000000630 0097 02] 00 0 0 00 6 3 0  J 097 0 2  25C    S0   
  041  [00300000D 0012 22] 00 0 3 00 0 0 D  J 012 2 2  048 S1 S0   
  042  [00300000D 0013 22] 00 0 3 00 0 0 D  J 013 2 2  04C S1 S0   
  043  [003200630 0014 22] 00 0 3 02 6 3 0  J 014 2 2  050 S1 S0   
  044  [000000630 019C 01] 00 0 0 00 6 3 0  J 19C 0 1  671         
  045  [003000000 0015 22] 00 0 3 00 0 0 0  J 015 2 2  054 S1 S0   
  046  [003000000 0016 22] 00 0 3 00 0 0 0  J 016 2 2  058 S1 S0   
  047  [003000000 0017 22] 00 0 3 00 0 0 0  J 017 2 2  05C S1 S0   
  048  [003100000 0012 01] 00 0 3 01 0 0 0  J 012 0 1  049         
  049  [0040005E0 019D 01] 00 0 4 00 5 E 0  J 19D 0 1  675         
  04A  [00610000D 01A6 11] 00 0 6 01 0 0 D  J 1A6 1 1  69B         
  04B  [0060002E0 0012 10] 00 0 6 00 2 E 0  J 012 1 0  04A         
  04C  [00610000D 01A6 11] 00 0 6 01 0 0 D  J 1A6 1 1  69B         
  04D  [0120000C1 0108 00] 00 1 2 00 0 C 1  J 108 0 0  420         
  04E  [0120000A0 0036 01] 00 1 2 00 0 A 0  J 036 0 1  0D9         
  04F  [0120000C0 00E6 00] 00 1 2 00 0 C 0  J 0E6 0 0  398         
  050  [0120000C0 00D0 00] 00 1 2 00 0 C 0  J 0D0 0 0  340         
  051  [01000001F 0013 10] 00 1 0 00 0 1 F  J 013 1 0  04E         
  052  [640500623 0124 14] 06 4 0 05 6 2 3  J 124 1 4  492    Z0   
  053  [0120000C0 00CF 10] 00 1 2 00 0 C 0  J 0CF 1 0  33E         
  054  [003100003 0012 01] 00 0 3 01 0 0 3  J 012 0 1  049         
  055  [000000000 0000 00] 00 0 0 00 0 0 0  J 000 0 0  000         
  056  [012000090 00F2 10] 00 1 2 00 0 9 0  J 0F2 1 0  3CA         
  057  [012000090 00F2 10] 00 1 2 00 0 9 0  J 0F2 1 0  3CA         
  058  [0120000BD 01A7 01] 00 1 2 00 0 B D  J 1A7 0 1  69D         
  059  [0120000CD 0108 00] 00 1 2 00 0 C D  J 108 0 0  420         
  05A  [0120000AD 0036 01] 00 1 2 00 0 A D  J 036 0 1  0D9         
  05B  [0000005E0 01A1 11] 00 0 0 00 5 E 0  J 1A1 1 1  687         
  05C  [0120000E0 00D2 10] 00 1 2 00 0 E 0  J 0D2 1 0  34A         
  05D  [0060002E0 0096 11] 00 0 6 00 2 E 0  J 096 1 1  25B         
  05E  [006000300 00D2 00] 00 0 6 00 3 0 0  J 0D2 0 0  348         
  05F  [0011016BD 00B1 00] 00 0 1 11 6 B D  J 0B1 0 0  2C4         
  060  [004000000 0019 22] 00 0 4 00 0 0 0  J 019 2 2  064 S1 S0   
  061  [616600050 018C 11] 06 1 6 06 0 5 0  J 18C 1 1  633         
  062  [00300068D 001A 22] 00 0 3 00 6 8 D  J 01A 2 2  068 S1 S0   
  063  [00410063D 001B 22] 00 0 4 01 6 3 D  J 01B 2 2  06C S1 S0   
  064  [616510030 018C 10] 16 1 6 05 0 3 0  J 18C 1 0  632         
  065  [003000681 001A 10] 00 0 3 00 6 8 1  J 01A 1 0  06A         
  066  [000000680 0187 01] 00 0 0 00 6 8 0  J 187 0 1  61D         
  067  [002000670 01BD 11] 00 0 2 00 6 7 0  J 1BD 1 1  6F7         
  068  [003000000 000F 10] 00 0 3 00 0 0 0  J 00F 1 0  03E         
  069  [014000020 010B 10] 00 1 4 00 0 2 0  J 10B 1 0  42E         
  06A  [602010670 0186 10] 16 0 2 00 6 7 0  J 186 1 0  61A         
  06B  [60501067B 0189 01] 16 0 5 00 6 7 B  J 189 0 1  625         
  06C  [00100068D 009A 00] 00 0 1 00 6 8 D  J 09A 0 0  268         
  06D  [003000000 000E 00] 00 0 3 00 0 0 0  J 00E 0 0  038         
  06E  [6405006D0 0098 14] 06 4 0 05 6 D 0  J 098 1 4  262    Z0   
  06F  [6405106D4 0098 14] 16 4 0 05 6 D 4  J 098 1 4  262    Z0   
  070  [002010000 0189 00] 10 0 2 00 0 0 0  J 189 0 0  624         
  071  [605010000 001C 00] 16 0 5 00 0 0 0  J 01C 0 0  070         
  072  [605010400 0188 11] 16 0 5 00 4 0 0  J 188 1 1  623         
  073  [605010401 0188 11] 16 0 5 00 4 0 1  J 188 1 1  623         
  074  [0041006D0 001E 33] 00 0 4 01 6 D 0  J 01E 3 3  078 S3 S2   
  075  [0041006D0 001F 33] 00 0 4 01 6 D 0  J 01F 3 3  07C S3 S2   
  076  [004000002 018B 01] 00 0 4 00 0 0 2  J 18B 0 1  62D         
  077  [00400000D 018B 01] 00 0 4 00 0 0 D  J 18B 0 1  62D         
  078  [000000000 009D 02] 00 0 0 00 0 0 0  J 09D 0 2  274    S0   
  079  [000000000 009F 00] 00 0 0 00 0 0 0  J 09F 0 0  27C         
  07A  [000000000 009D 12] 00 0 0 00 0 0 0  J 09D 1 2  276    S0   
  07B  [0120000E0 00A4 10] 00 1 2 00 0 E 0  J 0A4 1 0  292         
  07C  [000000000 0020 22] 00 0 0 00 0 0 0  J 020 2 2  080 S1 S0   
  07D  [0000003D0 001A 01] 00 0 0 00 3 D 0  J 01A 0 1  069         
  07E  [000000000 009D 12] 00 0 0 00 0 0 0  J 09D 1 2  276    S0   
  07F  [0000006B0 00A2 10] 00 0 0 00 6 B 0  J 0A2 1 0  28A         
  080  [616510030 018A 10] 16 1 6 05 0 3 0  J 18A 1 0  62A         
  081  [0120000E0 00A5 10] 00 1 2 00 0 E 0  J 0A5 1 0  296         
  082  [0060003F0 001A 01] 00 0 6 00 3 F 0  J 01A 0 1  069         
  083  [000000000 009E 00] 00 0 0 00 0 0 0  J 09E 0 0  278         
  084  [003100000 0021 01] 00 0 3 01 0 0 0  J 021 0 1  085         
  085  [0040005A7 019D 01] 00 0 4 00 5 A 7  J 19D 0 1  675         
  086  [0040005A3 019D 01] 00 0 4 00 5 A 3  J 19D 0 1  675         
  087  [60001000F 00A0 00] 16 0 0 00 0 0 F  J 0A0 0 0  280         
  088  [610611090 00AA 04] 16 1 0 16 0 9 0  J 0AA 0 4  2A8    Z0   
  089  [706010000 0022 00] 17 0 6 00 0 0 0  J 022 0 0  088         
  08A  [640611400 00AC 14] 16 4 0 16 4 0 0  J 0AC 1 4  2B2    Z0   
  08B  [740611400 00AD 04] 17 4 0 16 4 0 0  J 0AD 0 4  2B4    Z0   
  08C  [013000010 00B4 11] 00 1 3 00 0 1 0  J 0B4 1 1  2D3         
  08D  [013000010 00B4 11] 00 1 3 00 0 1 0  J 0B4 1 1  2D3         
  08E  [000000000 00B4 00] 00 0 0 00 0 0 0  J 0B4 0 0  2D0         
  08F  [0000005D0 0191 11] 00 0 0 00 5 D 0  J 191 1 1  647         
  090  [610611030 00B9 14] 16 1 0 16 0 3 0  J 0B9 1 4  2E6    Z0   
  091  [6466112D0 0193 00] 16 4 6 16 2 D 0  J 193 0 0  64C         
  092  [002000000 0153 01] 00 0 2 00 0 0 0  J 153 0 1  54D         
  093  [0150000FD 00B3 11] 00 1 5 00 0 F D  J 0B3 1 1  2CF         
  094  [014000020 010B 10] 00 1 4 00 0 2 0  J 10B 1 0  42E         
  095  [003100340 00B4 11] 00 0 3 01 3 4 0  J 0B4 1 1  2D3         
  096  [000000000 0191 00] 00 0 0 00 0 0 0  J 191 0 0  644         
  097  [000000340 0153 10] 00 0 0 00 3 4 0  J 153 1 0  54E         
  098  [0000005E0 0195 11] 00 0 0 00 5 E 0  J 195 1 1  657         
  099  [000000400 0196 00] 00 0 0 00 4 0 0  J 196 0 0  658         
  09A  [014000020 0000 07] 00 1 4 00 0 2 0  J 000 0 7  000    RT   
  09B  [014000020 0000 07] 00 1 4 00 0 2 0  J 000 0 7  000    RT   
  09C  [0000005E0 0196 10] 00 0 0 00 5 E 0  J 196 1 0  65A         
  09D  [003000000 0026 00] 00 0 3 00 0 0 0  J 026 0 0  098         
  09E  [003000000 0026 01] 00 0 3 00 0 0 0  J 026 0 1  099         
  09F  [003000000 0026 01] 00 0 3 00 0 0 0  J 026 0 1  099         
  0A0  [6442005E8 0155 50] 06 4 4 02 5 E 8  J 155 5 0  554 CC      
  0A1  [4642115E4 0155 51] 14 6 4 12 5 E 4  J 155 5 1  555 CC      
  0A2  [6442115E4 0155 51] 16 4 4 12 5 E 4  J 155 5 1  555 CC      
  0A3  [003000000 002B 00] 00 0 3 00 0 0 0  J 02B 0 0  0AC         
  0A4  [655310000 002A 54] 16 5 5 03 0 0 0  J 02A 5 4  0A8 CC Z0   
  0A5  [0000005E0 0196 01] 00 0 0 00 5 E 0  J 196 0 1  659         
  0A6  [655311000 0156 51] 16 5 5 13 0 0 0  J 156 5 1  559 CC      
  0A7  [565311000 0156 51] 15 6 5 13 0 0 0  J 156 5 1  559 CC      
  0A8  [410611010 00C1 14] 14 1 0 16 0 1 0  J 0C1 1 4  306    Z0   
  0A9  [043101000 002C 00] 00 4 3 11 0 0 0  J 02C 0 0  0B0         
  0AA  [003000000 0026 01] 00 0 3 00 0 0 0  J 026 0 1  099         
  0AB  [003000000 0026 01] 00 0 3 00 0 0 0  J 026 0 1  099         
  0AC  [0000005E0 0196 11] 00 0 0 00 5 E 0  J 196 1 1  65B         
  0AD  [003100000 0029 01] 00 0 3 01 0 0 0  J 029 0 1  0A5         
  0AE  [0000005E0 0196 11] 00 0 0 00 5 E 0  J 196 1 1  65B         
  0AF  [014000020 0000 07] 00 1 4 00 0 2 0  J 000 0 7  000    RT   
  0B0  [3430105E0 00C2 04] 13 4 3 00 5 E 0  J 0C2 0 4  308    Z0   
  0B1  [006000000 002C 11] 00 0 6 00 0 0 0  J 02C 1 1  0B3         
  0B2  [006000000 002C 11] 00 0 6 00 0 0 0  J 02C 1 1  0B3         
  0B3  [34301000D 00C2 04] 13 4 3 00 0 0 D  J 0C2 0 4  308    Z0   
  0B4  [0000005E3 0197 01] 00 0 0 00 5 E 3  J 197 0 1  65D         
  0B5  [0000005E7 0197 11] 00 0 0 00 5 E 7  J 197 1 1  65F         
  0B6  [0000005E7 0197 11] 00 0 0 00 5 E 7  J 197 1 1  65F         
  0B7  [0000005E3 0197 01] 00 0 0 00 5 E 3  J 197 0 1  65D         
  0B8  [60601000B 00C7 12] 16 0 6 00 0 0 B  J 0C7 1 2  31E    S0   
  0B9  [646611100 00C6 12] 16 4 6 16 1 0 0  J 0C6 1 2  31A    S0   
  0BA  [604010003 00C7 10] 16 0 4 00 0 0 3  J 0C7 1 0  31E         
  0BB  [605010000 00C8 00] 16 0 5 00 0 0 0  J 0C8 0 0  320         
  0BC  [6165100C0 002F 11] 16 1 6 05 0 C 0  J 02F 1 1  0BF         
  0BD  [004000000 010B 10] 00 0 4 00 0 0 0  J 10B 1 0  42E         
  0BE  [616610030 00D2 01] 16 1 6 06 0 3 0  J 0D2 0 1  349         
  0BF  [004000330 010B 10] 00 0 4 00 3 3 0  J 10B 1 0  42E         
  0C0  [003000000 0000 07] 00 0 3 00 0 0 0  J 000 0 7  000    RT   
  0C1  [606010000 00D4 04] 16 0 6 00 0 0 0  J 0D4 0 4  350    Z0   
  0C2  [31061101B 0002 01] 13 1 0 16 0 1 B  J 002 0 1  009         
  0C3  [613010010 0000 07] 16 1 3 00 0 1 0  J 000 0 7  000    RT   
  0C4  [014000060 010B 10] 00 1 4 00 0 6 0  J 10B 1 0  42E         
  0C5  [014000020 010B 10] 00 1 4 00 0 2 0  J 10B 1 0  42E         
  0C6  [014000020 010B 10] 00 1 4 00 0 2 0  J 10B 1 0  42E         
  0C7  [014000060 010B 10] 00 1 4 00 0 6 0  J 10B 1 0  42E         
  0C8  [515010468 019E 00] 15 1 5 00 4 6 8  J 19E 0 0  678         
  0C9  [000000404 019E 10] 00 0 0 00 4 0 4  J 19E 1 0  67A         
  0CA  [000000404 019E 10] 00 0 0 00 4 0 4  J 19E 1 0  67A         
  0CB  [515010468 019E 00] 15 1 5 00 4 6 8  J 19E 0 0  678         
  0CC  [6160100A0 0033 10] 16 1 6 00 0 A 0  J 033 1 0  0CE         
  0CD  [6160101A7 0000 07] 16 1 6 00 1 A 7  J 000 0 7  000    RT   
  0CE  [405010103 019E 01] 14 0 5 00 1 0 3  J 19E 0 1  679         
  0CF  [000000100 00D5 12] 00 0 0 00 1 0 0  J 0D5 1 2  356    S0   
  0D0  [405010103 019E 01] 14 0 5 00 1 0 3  J 19E 0 1  679         
  0D1  [405010107 0000 07] 14 0 5 00 1 0 7  J 000 0 7  000    RT   
  0D2  [616011060 0034 00] 16 1 6 10 0 6 0  J 034 0 0  0D0         
  0D3  [616011163 019E 11] 16 1 6 10 1 6 3  J 19E 1 1  67B         
  0D4  [0130000E0 019F 00] 00 1 3 00 0 E 0  J 19F 0 0  67C         
  0D5  [0130000D0 00D6 02] 00 1 3 00 0 D 0  J 0D6 0 2  358    S0   
  0D6  [616011160 0035 00] 16 1 6 10 1 6 0  J 035 0 0  0D4         
  0D7  [616011160 0035 01] 16 1 6 10 1 6 0  J 035 0 1  0D5         
  0D8  [00300000C 019F 11] 00 0 3 00 0 0 C  J 19F 1 1  67F         
  0D9  [3031105E0 019F 10] 13 0 3 01 5 E 0  J 19F 1 0  67E         
  0DA  [00600000D 01A0 01] 00 0 6 00 0 0 D  J 1A0 0 1  681         
  0DB  [000000000 00D7 12] 00 0 0 00 0 0 0  J 0D7 1 2  35E    S0   
  0DC  [0120000C0 00DE 10] 00 1 2 00 0 C 0  J 0DE 1 0  37A         
  0DD  [4106110D0 00E0 04] 14 1 0 16 0 D 0  J 0E0 0 4  380    Z0   
  0DE  [40411000D 01A1 10] 14 0 4 01 0 0 D  J 1A1 1 0  686         
  0DF  [0120000C0 00DE 10] 00 1 2 00 0 C 0  J 0DE 1 0  37A         
  0E0  [003000000 10C1 01] 00 0 3 00 0 0 0  C 0C1 0 1  305         
  0E1  [0030005E0 01A3 01] 00 0 3 00 5 E 0  J 1A3 0 1  68D         
  0E2  [404010000 00E0 14] 14 0 4 00 0 0 0  J 0E0 1 4  382    Z0   
  0E3  [0030005E0 01A2 01] 00 0 3 00 5 E 0  J 1A2 0 1  689         
  0E4  [012000090 0039 10] 00 1 2 00 0 9 0  J 039 1 0  0E6         
  0E5  [012000090 0039 10] 00 1 2 00 0 9 0  J 039 1 0  0E6         
  0E6  [610611090 10E5 14] 16 1 0 16 0 9 0  C 0E5 1 4  396    Z0   
  0E7  [000000000 0096 11] 00 0 0 00 0 0 0  J 096 1 1  25B         
  0E8  [40001000F 00E7 10] 14 0 0 00 0 0 F  J 0E7 1 0  39E         
  0E9  [404110000 003A 10] 14 0 4 01 0 0 0  J 03A 1 0  0EA         
  0EA  [40001000F 00E7 10] 14 0 0 00 0 0 F  J 0E7 1 0  39E         
  0EB  [003000000 00E4 00] 00 0 3 00 0 0 0  J 0E4 0 0  390         
  0EC  [00300000D 003C 22] 00 0 3 00 0 0 D  J 03C 2 2  0F0 S1 S0   
  0ED  [00300000D 003D 22] 00 0 3 00 0 0 D  J 03D 2 2  0F4 S1 S0   
  0EE  [0130000F0 003E 22] 00 1 3 00 0 F 0  J 03E 2 2  0F8 S1 S0   
  0EF  [0130000FD 00E9 02] 00 1 3 00 0 F D  J 0E9 0 2  3A4    S0   
  0F0  [000000000 003C 00] 00 0 0 00 0 0 0  J 03C 0 0  0F0         
  0F1  [3031112E0 003F 33] 13 0 3 11 2 E 0  J 03F 3 3  0FC S3 S2   
  0F2  [3031112E0 0043 33] 13 0 3 11 2 E 0  J 043 3 3  10C S3 S2   
  0F3  [3031112E0 0046 33] 13 0 3 11 2 E 0  J 046 3 3  118 S3 S2   
  0F4  [3031112E0 0048 33] 13 0 3 11 2 E 0  J 048 3 3  120 S3 S2   
  0F5  [3031112E0 004A 33] 13 0 3 11 2 E 0  J 04A 3 3  128 S3 S2   
  0F6  [3031112E0 004B 33] 13 0 3 11 2 E 0  J 04B 3 3  12C S3 S2   
  0F7  [303111003 004B 10] 13 0 3 11 0 0 3  J 04B 1 0  12E         
  0F8  [01600004D 01A5 01] 00 1 6 00 0 4 D  J 1A5 0 1  695         
  0F9  [016000090 01A5 01] 00 1 6 00 0 9 0  J 1A5 0 1  695         
  0FA  [016000020 01A5 00] 00 1 6 00 0 2 0  J 1A5 0 0  694         
  0FB  [016000043 0045 10] 00 1 6 00 0 4 3  J 045 1 0  116         
  0FC  [016000033 003C 01] 00 1 6 00 0 3 3  J 03C 0 1  0F1         
  0FD  [016000024 003C 01] 00 1 6 00 0 2 4  J 03C 0 1  0F1         
  0FE  [016000058 01A4 00] 00 1 6 00 0 5 8  J 1A4 0 0  690         
  0FF  [016000087 003C 01] 00 1 6 00 0 8 7  J 03C 0 1  0F1         
  100  [016000013 01A4 00] 00 1 6 00 0 1 3  J 1A4 0 0  690         
  101  [016000054 01A4 00] 00 1 6 00 0 5 4  J 1A4 0 0  690         
  102  [016000068 01A4 01] 00 1 6 00 0 6 8  J 1A4 0 1  691         
  103  [016000087 01A4 00] 00 1 6 00 0 8 7  J 1A4 0 0  690         
  104  [016000023 01A4 01] 00 1 6 00 0 2 3  J 1A4 0 1  691         
  105  [016000094 01A4 01] 00 1 6 00 0 9 4  J 1A4 0 1  691         
  106  [016000018 0042 10] 00 1 6 00 0 1 8  J 042 1 0  10A         
  107  [016000037 01A4 01] 00 1 6 00 0 3 7  J 1A4 0 1  691         
  108  [016000043 0042 10] 00 1 6 00 0 4 3  J 042 1 0  10A         
  109  [016200001 0042 10] 00 1 6 02 0 0 1  J 042 1 0  10A         
  10A  [3020012E0 0042 53] 03 0 2 10 2 E 0  J 042 5 3  108 CC S2   
  10B  [41061101F 0166 01] 14 1 0 16 0 1 F  J 166 0 1  599         
  10C  [016000053 003C 10] 00 1 6 00 0 5 3  J 03C 1 0  0F2         
  10D  [016000044 003C 10] 00 1 6 00 0 4 4  J 03C 1 0  0F2         
  10E  [016000008 01A4 10] 00 1 6 00 0 0 8  J 1A4 1 0  692         
  10F  [016000027 003C 10] 00 1 6 00 0 2 7  J 03C 1 0  0F2         
  110  [016000043 01A4 10] 00 1 6 00 0 4 3  J 1A4 1 0  692         
  111  [016000054 01A4 10] 00 1 6 00 0 5 4  J 1A4 1 0  692         
  112  [016000088 0045 10] 00 1 6 00 0 8 8  J 045 1 0  116         
  113  [016000007 01A4 10] 00 1 6 00 0 0 7  J 1A4 1 0  692         
  114  [016000043 0045 10] 00 1 6 00 0 4 3  J 045 1 0  116         
  115  [016000064 0045 10] 00 1 6 00 0 6 4  J 045 1 0  116         
  116  [3020012E0 0045 33] 03 0 2 10 2 E 0  J 045 3 3  114 S3 S2   
  117  [01600003D 0042 10] 00 1 6 00 0 3 D  J 042 1 0  10A         
  118  [016000023 003C 11] 00 1 6 00 0 2 3  J 03C 1 1  0F3         
  119  [016000034 003C 11] 00 1 6 00 0 3 4  J 03C 1 1  0F3         
  11A  [016000078 01A4 11] 00 1 6 00 0 7 8  J 1A4 1 1  693         
  11B  [016000097 003C 11] 00 1 6 00 0 9 7  J 03C 1 1  0F3         
  11C  [016000043 01A4 11] 00 1 6 00 0 4 3  J 1A4 1 1  693         
  11D  [016000074 01A4 11] 00 1 6 00 0 7 4  J 1A4 1 1  693         
  11E  [016000008 01A5 00] 00 1 6 00 0 0 8  J 1A5 0 0  694         
  11F  [016000077 01A4 11] 00 1 6 00 0 7 7  J 1A4 1 1  693         
  120  [016000013 003D 00] 00 1 6 00 0 1 3  J 03D 0 0  0F4         
  121  [016000084 003D 00] 00 1 6 00 0 8 4  J 03D 0 0  0F4         
  122  [016000018 0049 10] 00 1 6 00 0 1 8  J 049 1 0  126         
  123  [016000097 003D 00] 00 1 6 00 0 9 7  J 03D 0 0  0F4         
  124  [016000063 0049 10] 00 1 6 00 0 6 3  J 049 1 0  126         
  125  [016000014 0049 10] 00 1 6 00 0 1 4  J 049 1 0  126         
  126  [3020012E0 0049 33] 03 0 2 10 2 E 0  J 049 3 3  124 S3 S2   
  127  [016000033 01A5 00] 00 1 6 00 0 3 3  J 1A5 0 0  694         
  128  [016000003 003D 01] 00 1 6 00 0 0 3  J 03D 0 1  0F5         
  129  [016000014 003D 01] 00 1 6 00 0 1 4  J 03D 0 1  0F5         
  12A  [016000028 01A5 01] 00 1 6 00 0 2 8  J 1A5 0 1  695         
  12B  [016000037 003D 01] 00 1 6 00 0 3 7  J 03D 0 1  0F5         
  12C  [016000003 003D 10] 00 1 6 00 0 0 3  J 03D 1 0  0F6         
  12D  [016000074 003D 10] 00 1 6 00 0 7 4  J 03D 1 0  0F6         
  12E  [016000054 003D 10] 00 1 6 00 0 5 4  J 03D 1 0  0F6         
  12F  [01600004D 01A5 01] 00 1 6 00 0 4 D  J 1A5 0 1  695         
  130  [016000023 01A5 10] 00 1 6 00 0 2 3  J 1A5 1 0  696         
  131  [016000034 01A5 10] 00 1 6 00 0 3 4  J 1A5 1 0  696         
  132  [016000028 01A5 11] 00 1 6 00 0 2 8  J 1A5 1 1  697         
  133  [016000007 01A5 10] 00 1 6 00 0 0 7  J 1A5 1 0  696         
  134  [016000053 01A5 11] 00 1 6 00 0 5 3  J 1A5 1 1  697         
  135  [016000084 01A5 11] 00 1 6 00 0 8 4  J 1A5 1 1  697         
  136  [016000008 01A6 00] 00 1 6 00 0 0 8  J 1A6 0 0  698         
  137  [016000057 01A5 11] 00 1 6 00 0 5 7  J 1A5 1 1  697         
  138  [016000093 01A6 00] 00 1 6 00 0 9 3  J 1A6 0 0  698         
  139  [016000024 01A6 00] 00 1 6 00 0 2 4  J 1A6 0 0  698         
  13A  [3031102E8 01A6 01] 13 0 3 01 2 E 8  J 1A6 0 1  699         
  13B  [016000097 01A6 00] 00 1 6 00 0 9 7  J 1A6 0 0  698         
  13C  [000000391 01A8 01] 00 0 0 00 3 9 1  J 1A8 0 1  6A1         
  13D  [604010004 01A8 01] 16 0 4 00 0 0 4  J 1A8 0 1  6A1         
  13E  [606010000 0050 24] 16 0 6 00 0 0 0  J 050 2 4  140 S1 Z0   
  13F  [6060105EB 004F 10] 16 0 6 00 5 E B  J 04F 1 0  13E         
  140  [000000680 00F9 13] 00 0 0 00 6 8 0  J 0F9 1 3  3E6    S2   
  141  [000000000 0052 13] 00 0 0 00 0 0 0  J 052 1 3  14A    S2   
  142  [410011040 0051 53] 14 1 0 10 0 4 0  J 051 5 3  144 CC S2   
  143  [4100100F0 0052 53] 14 1 0 00 0 F 0  J 052 5 3  148 CC S2   
  144  [000000680 01A8 10] 00 0 0 00 6 8 0  J 1A8 1 0  6A2         
  145  [003000000 00FE 00] 00 0 3 00 0 0 0  J 0FE 0 0  3F8         
  146  [003000000 00FC 00] 00 0 3 00 0 0 0  J 0FC 0 0  3F0         
  147  [003000000 00FC 00] 00 0 3 00 0 0 0  J 0FC 0 0  3F0         
  148  [003000000 00FC 00] 00 0 3 00 0 0 0  J 0FC 0 0  3F0         
  149  [003000000 00FC 00] 00 0 3 00 0 0 0  J 0FC 0 0  3F0         
  14A  [00000000C 0096 11] 00 0 0 00 0 0 C  J 096 1 1  25B         
  14B  [003000000 00FB 00] 00 0 3 00 0 0 0  J 0FB 0 0  3EC         
  14C  [1020002BB 0053 23] 01 0 2 00 2 B B  J 053 2 3  14C S1 S2   
  14D  [3031002CB 0053 23] 03 0 3 01 2 C B  J 053 2 3  14C S1 S2   
  14E  [0120000DD 00FD 00] 00 1 2 00 0 D D  J 0FD 0 0  3F4         
  14F  [01000001F 00FD 10] 00 1 0 00 0 1 F  J 0FD 1 0  3F6         
  150  [1020012E0 005D 33] 01 0 2 10 2 E 0  J 05D 3 3  174 S3 S2   
  151  [3030012E0 0055 33] 03 0 3 10 2 E 0  J 055 3 3  154 S3 S2   
  152  [3030012E0 0059 33] 03 0 3 10 2 E 0  J 059 3 3  164 S3 S2   
  153  [3030012E0 005B 33] 03 0 3 10 2 E 0  J 05B 3 3  16C S3 S2   
  154  [016000063 0054 01] 00 1 6 00 0 6 3  J 054 0 1  151         
  155  [016000014 0054 01] 00 1 6 00 0 1 4  J 054 0 1  151         
  156  [016000098 01AA 10] 00 1 6 00 0 9 8  J 1AA 1 0  6AA         
  157  [016000017 0054 01] 00 1 6 00 0 1 7  J 054 0 1  151         
  158  [016000043 01AA 10] 00 1 6 00 0 4 3  J 1AA 1 0  6AA         
  159  [016000024 01AA 10] 00 1 6 00 0 2 4  J 1AA 1 0  6AA         
  15A  [016000068 01AA 11] 00 1 6 00 0 6 8  J 1AA 1 1  6AB         
  15B  [016000057 01AA 10] 00 1 6 00 0 5 7  J 1AA 1 0  6AA         
  15C  [016000083 01AA 11] 00 1 6 00 0 8 3  J 1AA 1 1  6AB         
  15D  [016000064 01AA 11] 00 1 6 00 0 6 4  J 1AA 1 1  6AB         
  15E  [016000098 0058 10] 00 1 6 00 0 9 8  J 058 1 0  162         
  15F  [016000067 01AA 11] 00 1 6 00 0 6 7  J 1AA 1 1  6AB         
  160  [016000093 0058 10] 00 1 6 00 0 9 3  J 058 1 0  162         
  161  [016000000 0058 10] 00 1 6 00 0 0 0  J 058 1 0  162         
  162  [3030012E0 0058 53] 03 0 3 10 2 E 0  J 058 5 3  160 CC S2   
  163  [000200000 0166 01] 00 0 0 02 0 0 0  J 166 0 1  599         
  164  [016000073 0054 10] 00 1 6 00 0 7 3  J 054 1 0  152         
  165  [016000064 0054 10] 00 1 6 00 0 6 4  J 054 1 0  152         
  166  [016000088 01AB 00] 00 1 6 00 0 8 8  J 1AB 0 0  6AC         
  167  [016000067 0054 10] 00 1 6 00 0 6 7  J 054 1 0  152         
  168  [016000063 01AB 00] 00 1 6 00 0 6 3  J 1AB 0 0  6AC         
  169  [016000064 01AB 00] 00 1 6 00 0 6 4  J 1AB 0 0  6AC         
  16A  [016000068 01AB 01] 00 1 6 00 0 6 8  J 1AB 0 1  6AD         
  16B  [016000067 01AB 00] 00 1 6 00 0 6 7  J 1AB 0 0  6AC         
  16C  [016000073 0054 11] 00 1 6 00 0 7 3  J 054 1 1  153         
  16D  [016000064 0054 11] 00 1 6 00 0 6 4  J 054 1 1  153         
  16E  [016000068 005C 10] 00 1 6 00 0 6 8  J 05C 1 0  172         
  16F  [016000067 0054 11] 00 1 6 00 0 6 7  J 054 1 1  153         
  170  [016000063 005C 10] 00 1 6 00 0 6 3  J 05C 1 0  172         
  171  [016000094 005C 10] 00 1 6 00 0 9 4  J 05C 1 0  172         
  172  [3030012E0 005C 33] 03 0 3 10 2 E 0  J 05C 3 3  170 S3 S2   
  173  [016000098 01AB 01] 00 1 6 00 0 9 8  J 1AB 0 1  6AD         
  174  [016000074 0054 00] 00 1 6 00 0 7 4  J 054 0 0  150         
  175  [016000090 005C 10] 00 1 6 00 0 9 0  J 05C 1 0  172         
  176  [016000063 0054 00] 00 1 6 00 0 6 3  J 054 0 0  150         
  177  [016000098 0054 00] 00 1 6 00 0 9 8  J 054 0 0  150         
  178  [016000013 01AB 10] 00 1 6 00 0 1 3  J 1AB 1 0  6AE         
  179  [016000074 01AB 10] 00 1 6 00 0 7 4  J 1AB 1 0  6AE         
  17A  [016000058 01AB 11] 00 1 6 00 0 5 8  J 1AB 1 1  6AF         
  17B  [016000047 01AB 10] 00 1 6 00 0 4 7  J 1AB 1 0  6AE         
  17C  [016000033 01AB 11] 00 1 6 00 0 3 3  J 1AB 1 1  6AF         
  17D  [016000024 01AB 11] 00 1 6 00 0 2 4  J 1AB 1 1  6AF         
  17E  [016000028 01AC 00] 00 1 6 00 0 2 8  J 1AC 0 0  6B0         
  17F  [016000097 01AB 11] 00 1 6 00 0 9 7  J 1AB 1 1  6AF         
  180  [016000053 01AC 00] 00 1 6 00 0 5 3  J 1AC 0 0  6B0         
  181  [016000014 01AC 00] 00 1 6 00 0 1 4  J 1AC 0 0  6B0         
  182  [016000098 01AC 01] 00 1 6 00 0 9 8  J 1AC 0 1  6B1         
  183  [016000097 01AC 00] 00 1 6 00 0 9 7  J 1AC 0 0  6B0         
  184  [016000013 01AC 01] 00 1 6 00 0 1 3  J 1AC 0 1  6B1         
  185  [016000004 01AC 01] 00 1 6 00 0 0 4  J 1AC 0 1  6B1         
  186  [0060002E8 0000 07] 00 0 6 00 2 E 8  J 000 0 7  000    RT   
  187  [016000027 01AC 01] 00 1 6 00 0 2 7  J 1AC 0 1  6B1         
  188  [016000013 01AC 10] 00 1 6 00 0 1 3  J 1AC 1 0  6B2         
  189  [016000054 01AC 10] 00 1 6 00 0 5 4  J 1AC 1 0  6B2         
  18A  [016000008 01AC 11] 00 1 6 00 0 0 8  J 1AC 1 1  6B3         
  18B  [016000077 01AC 10] 00 1 6 00 0 7 7  J 1AC 1 0  6B2         
  18C  [016000073 01AC 11] 00 1 6 00 0 7 3  J 1AC 1 1  6B3         
  18D  [016000094 01AC 11] 00 1 6 00 0 9 4  J 1AC 1 1  6B3         
  18E  [016000038 01AD 00] 00 1 6 00 0 3 8  J 1AD 0 0  6B4         
  18F  [016000067 01AC 11] 00 1 6 00 0 6 7  J 1AC 1 1  6B3         
  190  [016000023 01AD 00] 00 1 6 00 0 2 3  J 1AD 0 0  6B4         
  191  [016000064 01AD 00] 00 1 6 00 0 6 4  J 1AD 0 0  6B4         
  192  [016000090 004E 10] 00 1 6 00 0 9 0  J 04E 1 0  13A         
  193  [016000077 01AD 00] 00 1 6 00 0 7 7  J 1AD 0 0  6B4         
  194  [303011100 0166 51] 13 0 3 10 1 0 0  J 166 5 1  599 CC      
  195  [6160100A0 0065 00] 16 1 6 00 0 A 0  J 065 0 0  194         
  196  [616011060 0065 11] 16 1 6 10 0 6 0  J 065 1 1  197         
  197  [303111100 0166 51] 13 0 3 11 1 0 0  J 166 5 1  599 CC      
  198  [605010323 010C 00] 16 0 5 00 3 2 3  J 10C 0 0  430         
  199  [602010314 010C 01] 16 0 2 00 3 1 4  J 10C 0 1  431         
  19A  [646311000 0066 33] 16 4 6 13 0 0 0  J 066 3 3  198 S3 S2   
  19B  [601010308 01EC 00] 16 0 1 00 3 0 8  J 1EC 0 0  7B0         
  19C  [003000000 0190 00] 00 0 3 00 0 0 0  J 190 0 0  640         
  19D  [706010374 010C 10] 17 0 6 00 3 7 4  J 10C 1 0  432         
  19E  [013200020 010C 02] 00 1 3 02 0 2 0  J 10C 0 2  430    S0   
  19F  [706010380 0094 10] 17 0 6 00 3 8 0  J 094 1 0  252         
  1A0  [006101000 010E 00] 00 0 6 11 0 0 0  J 10E 0 0  438         
  1A1  [02051000A 01B0 10] 10 2 0 05 0 0 A  J 1B0 1 0  6C2         
  1A2  [000000000 0094 10] 00 0 0 00 0 0 0  J 094 1 0  252         
  1A3  [006101000 010E 00] 00 0 6 11 0 0 0  J 10E 0 0  438         
  1A4  [5152100A0 01B2 10] 15 1 5 02 0 A 0  J 1B2 1 0  6CA         
  1A5  [515210040 01B2 11] 15 1 5 02 0 4 0  J 1B2 1 1  6CB         
  1A6  [201010003 016C 00] 12 0 1 00 0 0 3  J 16C 0 0  5B0         
  1A7  [0110000F0 0000 07] 00 1 1 00 0 F 0  J 000 0 7  000    RT   
  1A8  [000000000 016C 21] 00 0 0 00 0 0 0  J 16C 2 1  5B1 S1      
  1A9  [61060107B 01B3 11] 06 1 0 16 0 7 B  J 1B3 1 1  6CF         
  1AA  [000000680 016D 20] 00 0 0 00 6 8 0  J 16D 2 0  5B4 S1      
  1AB  [01060107B 01B3 11] 00 1 0 16 0 7 B  J 1B3 1 1  6CF         
  1AC  [610611010 011A 04] 16 1 0 16 0 1 0  J 11A 0 4  468    Z0   
  1AD  [000000000 006C 22] 00 0 0 00 0 0 0  J 06C 2 2  1B0 S1 S0   
  1AE  [000000000 016D 21] 00 0 0 00 0 0 0  J 16D 2 1  5B5 S1      
  1AF  [6166110E0 011A 14] 16 1 6 16 0 E 0  J 11A 1 4  46A    Z0   
  1B0  [006000000 011A 11] 00 0 6 00 0 0 0  J 11A 1 1  46B         
  1B1  [006000000 011A 11] 00 0 6 00 0 0 0  J 11A 1 1  46B         
  1B2  [000000000 001A 01] 00 0 0 00 0 0 0  J 01A 0 1  069         
  1B3  [000000000 0118 10] 00 0 0 00 0 0 0  J 118 1 0  462         
  1B4  [014000420 006E 01] 00 1 4 00 4 2 0  J 06E 0 1  1B9         
  1B5  [61001006D 006D 54] 16 1 0 00 0 6 D  J 06D 5 4  1B4 CC Z0   
  1B6  [0120000D0 006D 11] 00 1 2 00 0 D 0  J 06D 1 1  1B7         
  1B7  [003000000 0167 00] 00 0 3 00 0 0 0  J 167 0 0  59C         
  1B8  [003000000 0167 00] 00 0 3 00 0 0 0  J 167 0 0  59C         
  1B9  [6400105E0 006E 54] 16 4 0 00 5 E 0  J 06E 5 4  1B8 CC Z0   
  1BA  [0130000F0 01B4 11] 00 1 3 00 0 F 0  J 1B4 1 1  6D3         
  1BB  [006000000 011E 00] 00 0 6 00 0 0 0  J 11E 0 0  478         
  1BC  [006000003 01B5 11] 00 0 6 00 0 0 3  J 1B5 1 1  6D7         
  1BD  [016000024 01B5 11] 00 1 6 00 0 2 4  J 1B5 1 1  6D7         
  1BE  [0060002B8 0000 07] 00 0 6 00 2 B 8  J 000 0 7  000    RT   
  1BF  [006000007 01B5 11] 00 0 6 00 0 0 7  J 1B5 1 1  6D7         
  1C0  [006000003 0070 10] 00 0 6 00 0 0 3  J 070 1 0  1C2         
  1C1  [000000004 0070 10] 00 0 0 00 0 0 4  J 070 1 0  1C2         
  1C2  [1010002B0 0070 33] 01 0 1 00 2 B 0  J 070 3 3  1C0 S3 S2   
  1C3  [016000027 01B5 11] 00 1 6 00 0 2 7  J 1B5 1 1  6D7         
  1C4  [000000720 0122 01] 00 0 0 00 7 2 0  J 122 0 1  489         
  1C5  [000000670 0122 00] 00 0 0 00 6 7 0  J 122 0 0  488         
  1C6  [000000680 0122 00] 00 0 0 00 6 8 0  J 122 0 0  488         
  1C7  [005000000 0071 22] 00 0 5 00 0 0 0  J 071 2 2  1C4 S1 S0   
  1C8  [000000000 0122 10] 00 0 0 00 0 0 0  J 122 1 0  48A         
  1C9  [000000000 0122 10] 00 0 0 00 0 0 0  J 122 1 0  48A         
  1CA  [00000000C 0122 10] 00 0 0 00 0 0 C  J 122 1 0  48A         
  1CB  [00510000C 01B7 00] 00 0 5 01 0 0 C  J 1B7 0 0  6DC         
  1CC  [000000000 0128 10] 00 0 0 00 0 0 0  J 128 1 0  4A2         
  1CD  [0106010E0 0128 14] 00 1 0 16 0 E 0  J 128 1 4  4A2    Z0   
  1CE  [006000360 11B8 11] 00 0 6 00 3 6 0  C 1B8 1 1  6E3         
  1CF  [00100000C 01B9 00] 00 0 1 00 0 0 C  J 1B9 0 0  6E4         
  1D0  [015000090 0075 22] 00 1 5 00 0 9 0  J 075 2 2  1D4 S1 S0   
  1D1  [000000000 0076 22] 00 0 0 00 0 0 0  J 076 2 2  1D8 S1 S0   
  1D2  [015000060 0077 22] 00 1 5 00 0 6 0  J 077 2 2  1DC S1 S0   
  1D3  [004000000 0078 22] 00 0 4 00 0 0 0  J 078 2 2  1E0 S1 S0   
  1D4  [015000010 0078 00] 00 1 5 00 0 1 0  J 078 0 0  1E0         
  1D5  [014000020 0078 00] 00 1 4 00 0 2 0  J 078 0 0  1E0         
  1D6  [015000060 0078 00] 00 1 5 00 0 6 0  J 078 0 0  1E0         
  1D7  [0150000E0 0078 00] 00 1 5 00 0 E 0  J 078 0 0  1E0         
  1D8  [015000090 0078 00] 00 1 5 00 0 9 0  J 078 0 0  1E0         
  1D9  [015000050 0078 00] 00 1 5 00 0 5 0  J 078 0 0  1E0         
  1DA  [015000040 0078 00] 00 1 5 00 0 4 0  J 078 0 0  1E0         
  1DB  [0150000D0 0078 00] 00 1 5 00 0 D 0  J 078 0 0  1E0         
  1DC  [0150000C0 0078 00] 00 1 5 00 0 C 0  J 078 0 0  1E0         
  1DD  [015000000 0078 00] 00 1 5 00 0 0 0  J 078 0 0  1E0         
  1DE  [014000010 0078 00] 00 1 4 00 0 1 0  J 078 0 0  1E0         
  1DF  [014000030 0074 33] 00 1 4 00 0 3 0  J 074 3 3  1D0 S3 S2   
  1E0  [000000F10 0000 07] 00 0 0 00 F 1 0  J 000 0 7  000    RT   
  1E1  [014000020 0076 01] 00 1 4 00 0 2 0  J 076 0 1  1D9         
  1E2  [005000000 0078 00] 00 0 5 00 0 0 0  J 078 0 0  1E0         
  1E3  [015000020 0078 00] 00 1 5 00 0 2 0  J 078 0 0  1E0         
  1E4  [0132010E0 0000 07] 00 1 3 12 0 E 0  J 000 0 7  000    RT   
  1E5  [0132010E3 0000 07] 00 1 3 12 0 E 3  J 000 0 7  000    RT   
  1E6  [000000000 007A 33] 00 0 0 00 0 0 0  J 07A 3 3  1E8 S3 S2   
  1E7  [000000004 0079 10] 00 0 0 00 0 0 4  J 079 1 0  1E6         
  1E8  [014000030 007B 22] 00 1 4 00 0 3 0  J 07B 2 2  1EC S1 S0   
  1E9  [014000020 007B 12] 00 1 4 00 0 2 0  J 07B 1 2  1EE    S0   
  1EA  [014000020 0176 21] 00 1 4 00 0 2 0  J 176 2 1  5D9 S1      
  1EB  [000000680 00A2 00] 00 0 0 00 6 8 0  J 0A2 0 0  288         
  1EC  [0150000A0 01BD 10] 00 1 5 00 0 A 0  J 1BD 1 0  6F6         
  1ED  [0150000B0 01BD 10] 00 1 5 00 0 B 0  J 1BD 1 0  6F6         
  1EE  [015000020 01BD 10] 00 1 5 00 0 2 0  J 1BD 1 0  6F6         
  1EF  [015000030 01BD 10] 00 1 5 00 0 3 0  J 1BD 1 0  6F6         
  1F0  [005000000 00A1 10] 00 0 5 00 0 0 0  J 0A1 1 0  286         
  1F1  [001000000 0178 00] 00 0 1 00 0 0 0  J 178 0 0  5E0         
  1F2  [001000000 0135 00] 00 0 1 00 0 0 0  J 135 0 0  4D4         
  1F3  [001000000 0135 00] 00 0 1 00 0 0 0  J 135 0 0  4D4         
  1F4  [015000010 01BF 10] 00 1 5 00 0 1 0  J 1BF 1 0  6FE         
  1F5  [015000020 01BF 01] 00 1 5 00 0 2 0  J 1BF 0 1  6FD         
  1F6  [015000040 017A 31] 00 1 5 00 0 4 0  J 17A 3 1  5E9 S3      
  1F7  [015000080 01BF 11] 00 1 5 00 0 8 0  J 1BF 1 1  6FF         
  1F8  [014000010 007E 11] 00 1 4 00 0 1 0  J 07E 1 1  1FB         
  1F9  [014000020 01C0 00] 00 1 4 00 0 2 0  J 1C0 0 0  700         
  1FA  [014000040 01C0 01] 00 1 4 00 0 4 0  J 1C0 0 1  701         
  1FB  [0160000C0 01C0 11] 00 1 6 00 0 C 0  J 1C0 1 1  703         
  1FC  [006000000 1003 11] 00 0 6 00 0 0 0  C 003 1 1  00F         
  1FD  [000000000 001A 01] 00 0 0 00 0 0 0  J 01A 0 1  069         
  1FE  [0120000D0 10C1 01] 00 1 2 00 0 D 0  C 0C1 0 1  305         
  1FF  [0140000F0 0080 00] 00 1 4 00 0 F 0  J 080 0 0  200         
  200  [012000060 1002 00] 00 1 2 00 0 6 0  C 002 0 0  008         
  201  [601010000 0140 01] 16 0 1 00 0 0 0  J 140 0 1  501         
  202  [61061109B 115E 11] 16 1 0 16 0 9 B  C 15E 1 1  57B         
  203  [403010000 01C2 00] 14 0 3 00 0 0 0  J 1C2 0 0  708         
  204  [6106110EA 117E 11] 16 1 0 16 0 E A  C 17E 1 1  5FB         
  205  [010611020 0081 14] 10 1 0 16 0 2 0  J 081 1 4  206    Z0   
  206  [404411000 017E 01] 14 0 4 14 0 0 0  J 17E 0 1  5F9         
  207  [406110320 017E 10] 14 0 6 01 3 2 0  J 17E 1 0  5FA         
  208  [003100640 1193 01] 00 0 3 01 6 4 0  C 193 0 1  64D         
  209  [006000330 010B 10] 00 0 6 00 3 3 0  J 10B 1 0  42E         
  20A  [000000000 0000 07] 00 0 0 00 0 0 0  J 000 0 7  000    RT   
  20B  [615010068 0141 50] 16 1 5 00 0 6 8  J 141 5 0  504 CC      
  20C  [003100640 1193 01] 00 0 3 01 6 4 0  C 193 0 1  64D         
  20D  [006101340 010B 11] 00 0 6 11 3 4 0  J 10B 1 1  42F         
  20E  [0001105BF 1005 11] 10 0 0 01 5 B F  C 005 1 1  017         
  20F  [206010310 01C3 01] 12 0 6 00 3 1 0  J 1C3 0 1  70D         
  210  [000000000 0004 22] 00 0 0 00 0 0 0  J 004 2 2  010 S1 S0   
  211  [5060102B0 0084 13] 15 0 6 00 2 B 0  J 084 1 3  212    S2   
  212  [000000000 010B 11] 00 0 0 00 0 0 0  J 10B 1 1  42F         
  213  [404010000 0085 04] 14 0 4 00 0 0 0  J 085 0 4  214    Z0   
  214  [515210080 017F 10] 15 1 5 02 0 8 0  J 17F 1 0  5FE         
  215  [00600000D 0085 10] 00 0 6 00 0 0 D  J 085 1 0  216         
  216  [000000000 116C 00] 00 0 0 00 0 0 0  C 16C 0 0  5B0         
  217  [555210000 017F 11] 15 5 5 02 0 0 0  J 17F 1 1  5FF         
  218  [262311000 1002 00] 12 6 2 13 0 0 0  C 002 0 0  008         
  219  [641211000 0005 54] 16 4 1 12 0 0 0  J 005 5 4  014 CC Z0   
  21A  [006000360 0180 01] 00 0 6 00 3 6 0  J 180 0 1  601         
  21B  [306010D04 0125 00] 13 0 6 00 D 0 4  J 125 0 0  494         
  21C  [306010000 1129 00] 13 0 6 00 0 0 0  C 129 0 0  4A4         
  21D  [603010000 0143 01] 16 0 3 00 0 0 0  J 143 0 1  50D         
  21E  [515611010 11B9 11] 15 1 5 16 0 1 0  C 1B9 1 1  6E7         
  21F  [666010310 0143 50] 16 6 6 00 3 1 0  J 143 5 0  50C CC      
  220  [000000000 0088 10] 00 0 0 00 0 0 0  J 088 1 0  222         
  221  [000000000 0006 30] 00 0 0 00 0 0 0  J 006 3 0  018 S3      
  222  [000000000 11B9 11] 00 0 0 00 0 0 0  C 1B9 1 1  6E7         
  223  [000000000 0087 10] 00 0 0 00 0 0 0  J 087 1 0  21E         
  224  [303111000 0143 01] 13 0 3 11 0 0 0  J 143 0 1  50D         
  225  [303110400 01C5 01] 13 0 3 01 4 0 0  J 1C5 0 1  715         
  226  [313211020 0181 01] 13 1 3 12 0 2 0  J 181 0 1  605         
  227  [610611090 008A 04] 16 1 0 16 0 9 0  J 08A 0 4  228    Z0   
  228  [313211020 0181 01] 13 1 3 12 0 2 0  J 181 0 1  605         
  229  [000000000 008A 10] 00 0 0 00 0 0 0  J 08A 1 0  22A         
  22A  [010000E00 1129 00] 00 1 0 00 E 0 0  C 129 0 0  4A4         
  22B  [000000E00 001A 01] 00 0 0 00 E 0 0  J 01A 0 1  069         
  22C  [014000080 1182 01] 00 1 4 00 0 8 0  C 182 0 1  609         
  22D  [000000000 008B 11] 00 0 0 00 0 0 0  J 08B 1 1  22F         
  22E  [30341100D 1182 10] 13 0 3 14 0 0 D  C 182 1 0  60A         
  22F  [000000400 0181 11] 00 0 0 00 4 0 0  J 181 1 1  607         
  230  [000000000 1182 01] 00 0 0 00 0 0 0  C 182 0 1  609         
  231  [313211020 008C 10] 13 1 3 12 0 2 0  J 08C 1 0  232         
  232  [00000000D 1182 10] 00 0 0 00 0 0 D  C 182 1 0  60A         
  233  [313211410 0145 20] 13 1 3 12 4 1 0  J 145 2 0  514 S1      
  234  [606010000 108D 14] 16 0 6 00 0 0 0  C 08D 1 4  236    Z0   
  235  [001000630 0183 01] 00 0 1 00 6 3 0  J 183 0 1  60D         
  236  [000000000 0000 07] 00 0 0 00 0 0 0  J 000 0 7  000    RT   
  237  [0011015E0 0182 11] 00 0 1 11 5 E 0  J 182 1 1  60B         
  238  [0120000D0 008D 11] 00 1 2 00 0 D 0  J 08D 1 1  237         
  239  [0150000A0 008E 10] 00 1 5 00 0 A 0  J 08E 1 0  23A         
  23A  [013000020 1091 10] 00 1 3 00 0 2 0  C 091 1 0  246         
  23B  [3031105E3 008F 03] 13 0 3 01 5 E 3  J 08F 0 3  23C    S2   
  23C  [60601000B 008E 11] 16 0 6 00 0 0 B  J 08E 1 1  23B         
  23D  [606010004 0008 34] 16 0 6 00 0 0 4  J 008 3 4  020 S3 Z0   
  23E  [0150000A0 1091 10] 00 1 5 00 0 A 0  C 091 1 0  246         
  23F  [0160000F0 0091 00] 00 1 6 00 0 F 0  J 091 0 0  244         
  240  [013000010 1091 10] 00 1 3 00 0 1 0  C 091 1 0  246         
  241  [00011100F 0009 54] 10 0 0 11 0 0 F  J 009 5 4  024 CC Z0   
  242  [000000000 0090 01] 00 0 0 00 0 0 0  J 090 0 1  241         
  243  [000000000 0145 11] 00 0 0 00 0 0 0  J 145 1 1  517         
  244  [3031102C0 0091 04] 13 0 3 01 2 C 0  J 091 0 4  244    Z0   
  245  [000000000 0000 07] 00 0 0 00 0 0 0  J 000 0 7  000    RT   
  246  [504010400 0009 11] 15 0 4 00 4 0 0  J 009 1 1  027         
  247  [0120000C0 0000 07] 00 1 2 00 0 C 0  J 000 0 7  000    RT   
  248  [000000000 0000 00] 00 0 0 00 0 0 0  J 000 0 0  000         
  249  [303411400 0183 11] 13 0 3 14 4 0 0  J 183 1 1  60F         
  24A  [003101009 0147 11] 00 0 3 11 0 0 9  J 147 1 1  51F         
  24B  [01300003D 0183 10] 00 1 3 00 0 3 D  J 183 1 0  60E         
  24C  [00000000D 0182 01] 00 0 0 00 0 0 D  J 182 0 1  609         
  24D  [006000339 0147 11] 00 0 6 00 3 3 9  J 147 1 1  51F         
  24E  [605010000 1182 10] 16 0 5 00 0 0 0  C 182 1 0  60A         
  24F  [000000000 0146 21] 00 0 0 00 0 0 0  J 146 2 1  519 S1      
  250  [404110331 0067 10] 14 0 4 01 3 3 1  J 067 1 0  19E         
  251  [004000331 0067 10] 00 0 4 00 3 3 1  J 067 1 0  19E         
  252  [03400063D 018F 00] 00 3 4 00 6 3 D  J 18F 0 0  63C         
  253  [003000630 01CD 01] 00 0 3 00 6 3 0  J 1CD 0 1  735         
  254  [0011016A0 0098 00] 00 0 1 11 6 A 0  J 098 0 0  260         
  255  [00000067D 01CD 10] 00 0 0 00 6 7 D  J 1CD 1 0  736         
  256  [61060103A 0184 10] 06 1 0 16 0 3 A  J 184 1 0  612         
  257  [000000680 0190 10] 00 0 0 00 6 8 0  J 190 1 0  642         
  258  [003100640 1193 01] 00 0 3 01 6 4 0  C 193 0 1  64D         
  259  [03400063D 01B3 01] 00 3 4 00 6 3 D  J 1B3 0 1  6CD         
  25A  [60001000F 1185 00] 16 0 0 00 0 0 F  C 185 0 0  614         
  25B  [03400063D 01B4 00] 00 3 4 00 6 3 D  J 1B4 0 0  6D0         
  25C  [610510010 0097 14] 16 1 0 05 0 1 0  J 097 1 4  25E    Z0   
  25D  [6000106DF 00D0 10] 16 0 0 00 6 D F  J 0D0 1 0  342         
  25E  [000000680 0149 01] 00 0 0 00 6 8 0  J 149 0 1  525         
  25F  [006000000 011A 11] 00 0 6 00 0 0 0  J 11A 1 1  46B         
  260  [60001063F 1186 00] 16 0 0 00 6 3 F  C 186 0 0  618         
  261  [014000020 010B 10] 00 1 4 00 0 2 0  J 10B 1 0  42E         
  262  [0040006D5 0186 11] 00 0 4 00 6 D 5  J 186 1 1  61B         
  263  [4041106D1 0187 00] 14 0 4 01 6 D 1  J 187 0 0  61C         
  264  [2106010FD 0099 14] 02 1 0 16 0 F D  J 099 1 4  266    Z0   
  265  [000000000 0011 00] 00 0 0 00 0 0 0  J 011 0 0  044         
  266  [013000050 0187 11] 00 1 3 00 0 5 0  J 187 1 1  61F         
  267  [005000804 01B9 01] 00 0 5 00 8 0 4  J 1B9 0 1  6E5         
  268  [602010000 109C 00] 16 0 2 00 0 0 0  C 09C 0 0  270         
  269  [601010670 018E 10] 16 0 1 00 6 7 0  J 18E 1 0  63A         
  26A  [01400002C 010B 10] 00 1 4 00 0 2 C  J 10B 1 0  42E         
  26B  [000000000 009B 00] 00 0 0 00 0 0 0  J 09B 0 0  26C         
  26C  [502010000 1002 00] 15 0 2 00 0 0 0  C 002 0 0  008         
  26D  [160111670 014B 50] 11 6 0 11 6 7 0  J 14B 5 0  52C CC      
  26E  [206010000 100C 33] 12 0 6 00 0 0 0  C 00C 3 3  030 S3 S2   
  26F  [014000020 010B 10] 00 1 4 00 0 2 0  J 10B 1 0  42E         
  270  [005000000 119C 11] 00 0 5 00 0 0 0  C 19C 1 1  673         
  271  [00400000D 0188 01] 00 0 4 00 0 0 D  J 188 0 1  621         
  272  [002010000 0189 00] 10 0 2 00 0 0 0  J 189 0 0  624         
  273  [60001000F 009C 10] 16 0 0 00 0 0 F  J 09C 1 0  272         
  274  [0061003F0 001A 01] 00 0 6 01 3 F 0  J 01A 0 1  069         
  275  [0120000E0 00A5 10] 00 1 2 00 0 E 0  J 0A5 1 0  296         
  276  [6466003D0 001A 01] 06 4 6 06 3 D 0  J 01A 0 1  069         
  277  [6165100E0 001F 01] 16 1 6 05 0 E 0  J 01F 0 1  07D         
  278  [003000000 108D 11] 00 0 3 00 0 0 0  C 08D 1 1  237         
  279  [000000000 009E 10] 00 0 0 00 0 0 0  J 09E 1 0  27A         
  27A  [00500000D 1129 00] 00 0 5 00 0 0 D  C 129 0 0  4A4         
  27B  [014000020 010B 10] 00 1 4 00 0 2 0  J 10B 1 0  42E         
  27C  [0020005E0 009F 10] 00 0 2 00 5 E 0  J 09F 1 0  27E         
  27D  [001101000 000D 11] 00 0 1 11 0 0 0  J 00D 1 1  037         
  27E  [001000290 1189 11] 00 0 1 00 2 9 0  C 189 1 1  627         
  27F  [003000680 0021 11] 00 0 3 00 6 8 0  J 021 1 1  087         
  280  [012000090 1026 01] 00 1 2 00 0 9 0  C 026 0 1  099         
  281  [000000000 0021 22] 00 0 0 00 0 0 0  J 021 2 2  084 S1 S0   
  282  [010611020 10A1 04] 10 1 0 16 0 2 0  C 0A1 0 4  284    Z0   
  283  [000000680 00A2 00] 00 0 0 00 6 8 0  J 0A2 0 0  288         
  284  [005000330 00A1 10] 00 0 5 00 3 3 0  J 0A1 1 0  286         
  285  [000000000 001A 01] 00 0 0 00 0 0 0  J 01A 0 1  069         
  286  [406010000 112B 11] 14 0 6 00 0 0 0  C 12B 1 1  4AF         
  287  [6100100C0 014D 50] 16 1 0 00 0 C 0  J 14D 5 0  534 CC      
  288  [005000000 112B 11] 00 0 5 00 0 0 0  C 12B 1 1  4AF         
  289  [605010630 01D1 01] 16 0 5 00 6 3 0  J 1D1 0 1  745         
  28A  [606111000 1150 01] 16 0 6 11 0 0 0  C 150 0 1  541         
  28B  [015000420 0020 00] 00 1 5 00 4 2 0  J 020 0 0  080         
  28C  [000000000 0017 11] 00 0 0 00 0 0 0  J 017 1 1  05F         
  28D  [616610080 018B 00] 16 1 6 06 0 8 0  J 18B 0 0  62C         
  28E  [0110000F0 10F5 01] 00 1 1 00 0 F 0  C 0F5 0 1  3D5         
  28F  [006000100 00A4 00] 00 0 6 00 1 0 0  J 0A4 0 0  290         
  290  [00000000D 100D 10] 00 0 0 00 0 0 D  C 00D 1 0  036         
  291  [014000020 010B 10] 00 1 4 00 0 2 0  J 10B 1 0  42E         
  292  [000000000 109C 00] 00 0 0 00 0 0 0  C 09C 0 0  270         
  293  [404010000 00A5 04] 14 0 4 00 0 0 0  J 0A5 0 4  294    Z0   
  294  [01400002C 010B 10] 00 1 4 00 0 2 C  J 10B 1 0  42E         
  295  [000000390 018B 11] 00 0 0 00 3 9 0  J 18B 1 1  62F         
  296  [000000000 109C 00] 00 0 0 00 0 0 0  C 09C 0 0  270         
  297  [404010000 00A6 04] 14 0 4 00 0 0 0  J 0A6 0 4  298    Z0   
  298  [01400002C 010B 10] 00 1 4 00 0 2 C  J 10B 1 0  42E         
  299  [601010000 018C 00] 16 0 1 00 0 0 0  J 18C 0 0  630         
  29A  [000000000 0086 10] 00 0 0 00 0 0 0  J 086 1 0  21A         
  29B  [000000000 0086 11] 00 0 0 00 0 0 0  J 086 1 1  21B         
  29C  [6106110B0 10A7 14] 16 1 0 16 0 B 0  C 0A7 1 4  29E    Z0   
  29D  [406010100 018C 01] 14 0 6 00 1 0 0  J 18C 0 1  631         
  29E  [000000000 0182 01] 00 0 0 00 0 0 0  J 182 0 1  609         
  29F  [000000000 00B3 01] 00 0 0 00 0 0 0  J 0B3 0 1  2CD         
  2A0  [004000000 11B0 01] 00 0 4 00 0 0 0  C 1B0 0 1  6C1         
  2A1  [003000000 01D3 11] 00 0 3 00 0 0 0  J 1D3 1 1  74F         
  2A2  [0120000B0 1167 00] 00 1 2 00 0 B 0  C 167 0 0  59C         
  2A3  [0160000A0 01D4 00] 00 1 6 00 0 A 0  J 1D4 0 0  750         
  2A4  [016000330 11B5 10] 00 1 6 00 3 3 0  C 1B5 1 0  6D6         
  2A5  [000000000 011C 10] 00 0 0 00 0 0 0  J 11C 1 0  472         
  2A6  [003101330 1002 00] 00 0 3 11 3 3 0  C 002 0 0  008         
  2A7  [601010000 01D4 01] 16 0 1 00 0 0 0  J 1D4 0 1  751         
  2A8  [610611080 00AB 14] 16 1 0 16 0 8 0  J 0AB 1 4  2AE    Z0   
  2A9  [000000400 00AA 13] 00 0 0 00 4 0 0  J 0AA 1 3  2AA    S2   
  2AA  [606010000 00AB 04] 16 0 6 00 0 0 0  J 0AB 0 4  2AC    Z0   
  2AB  [706010000 00AB 04] 17 0 6 00 0 0 0  J 0AB 0 4  2AC    Z0   
  2AC  [610011030 014F 50] 16 1 0 10 0 3 0  J 14F 5 0  53C CC      
  2AD  [303411004 014F 51] 13 0 3 14 0 0 4  J 14F 5 1  53D CC      
  2AE  [610010010 014F 50] 16 1 0 00 0 1 0  J 14F 5 0  53C CC      
  2AF  [000000400 00AC 03] 00 0 0 00 4 0 0  J 0AC 0 3  2B0    S2   
  2B0  [610011030 014F 50] 16 1 0 10 0 3 0  J 14F 5 0  53C CC      
  2B1  [710011030 014F 50] 17 1 0 10 0 3 0  J 14F 5 0  53C CC      
  2B2  [303411008 014F 51] 13 0 3 14 0 0 8  J 14F 5 1  53D CC      
  2B3  [650611000 00AD 14] 16 5 0 16 0 0 0  J 0AD 1 4  2B6    Z0   
  2B4  [303411008 014F 51] 13 0 3 14 0 0 8  J 14F 5 1  53D CC      
  2B5  [750611000 00AD 14] 17 5 0 16 0 0 0  J 0AD 1 4  2B6    Z0   
  2B6  [303411008 014F 51] 13 0 3 14 0 0 8  J 14F 5 1  53D CC      
  2B7  [306110320 01D5 10] 13 0 6 01 3 2 0  J 1D5 1 0  756         
  2B8  [604010000 1150 01] 16 0 4 00 0 0 0  C 150 0 1  541         
  2B9  [000000630 018E 00] 00 0 0 00 6 3 0  J 18E 0 0  638         
  2BA  [000000630 0019 00] 00 0 0 00 6 3 0  J 019 0 0  064         
  2BB  [000000630 0018 01] 00 0 0 00 6 3 0  J 018 0 1  061         
  2BC  [000000601 018D 10] 00 0 0 00 6 0 1  J 18D 1 0  636         
  2BD  [000000612 018D 10] 00 0 0 00 6 1 2  J 18D 1 0  636         
  2BE  [4061103B6 00AE 13] 14 0 6 01 3 B 6  J 0AE 1 3  2BA    S2   
  2BF  [000000625 018D 10] 00 0 0 00 6 2 5  J 18D 1 0  636         
  2C0  [610510011 00B2 04] 16 1 0 05 0 1 1  J 0B2 0 4  2C8    Z0   
  2C1  [000000302 018E 01] 00 0 0 00 3 0 2  J 18E 0 1  639         
  2C2  [000000326 001A 01] 00 0 0 00 3 2 6  J 01A 0 1  069         
  2C3  [000000315 018E 01] 00 0 0 00 3 1 5  J 18E 0 1  639         
  2C4  [2060013B0 1150 01] 02 0 6 10 3 B 0  C 150 0 1  541         
  2C5  [614510030 018E 01] 16 1 4 05 0 3 0  J 18E 0 1  639         
  2C6  [012000070 0150 11] 00 1 2 00 0 7 0  J 150 1 1  543         
  2C7  [012000080 0150 11] 00 1 2 00 0 8 0  J 150 1 1  543         
  2C8  [066600330 018E 01] 00 6 6 06 3 3 0  J 18E 0 1  639         
  2C9  [000000330 018E 01] 00 0 0 00 3 3 0  J 18E 0 1  639         
  2CA  [406010000 009A 14] 14 0 6 00 0 0 0  J 09A 1 4  26A    Z0   
  2CB  [106010000 0152 00] 11 0 6 00 0 0 0  J 152 0 0  548         
  2CC  [51000004D 0152 51] 05 1 0 00 0 4 D  J 152 5 1  549 CC      
  2CD  [00300000D 0004 00] 00 0 3 00 0 0 D  J 004 0 0  010         
  2CE  [0130000FD 0023 22] 00 1 3 00 0 F D  J 023 2 2  08C S1 S0   
  2CF  [003000000 0190 11] 00 0 3 00 0 0 0  J 190 1 1  643         
  2D0  [016000010 0191 00] 00 1 6 00 0 1 0  J 191 0 0  644         
  2D1  [016000040 0191 00] 00 1 6 00 0 4 0  J 191 0 0  644         
  2D2  [3031002D0 00B4 14] 03 0 3 01 2 D 0  J 0B4 1 4  2D2    Z0   
  2D3  [0000005D0 0191 01] 00 0 0 00 5 D 0  J 191 0 1  645         
  2D4  [3106010C0 00B5 14] 03 1 0 16 0 C 0  J 0B5 1 4  2D6    Z0   
  2D5  [5060102D0 0153 10] 15 0 6 00 2 D 0  J 153 1 0  54E         
  2D6  [303110000 00B4 11] 13 0 3 01 0 0 0  J 0B4 1 1  2D3         
  2D7  [01400002C 010B 10] 00 1 4 00 0 2 C  J 10B 1 0  42E         
  2D8  [0000005D0 0191 10] 00 0 0 00 5 D 0  J 191 1 0  646         
  2D9  [014000020 010B 10] 00 1 4 00 0 2 0  J 10B 1 0  42E         
  2DA  [00300000D 108D 11] 00 0 3 00 0 0 D  C 08D 1 1  237         
  2DB  [001000680 0192 01] 00 0 1 00 6 8 0  J 192 0 1  649         
  2DC  [0150000A0 00B7 12] 00 1 5 00 0 A 0  J 0B7 1 2  2DE    S0   
  2DD  [003000000 0024 22] 00 0 3 00 0 0 0  J 024 2 2  090 S1 S0   
  2DE  [60001000F 00B8 14] 16 0 0 00 0 0 F  J 0B8 1 4  2E2    Z0   
  2DF  [0130000C0 0192 11] 00 1 3 00 0 C 0  J 192 1 1  64B         
  2E0  [303110100 00B8 04] 13 0 3 01 1 0 0  J 0B8 0 4  2E0    Z0   
  2E1  [202110000 0153 51] 12 0 2 01 0 0 0  J 153 5 1  54D CC      
  2E2  [016000040 0025 22] 00 1 6 00 0 4 0  J 025 2 2  094 S1 S0   
  2E3  [003000001 0190 11] 00 0 3 00 0 0 1  J 190 1 1  643         
  2E4  [0060002D0 0192 11] 00 0 6 00 2 D 0  J 192 1 1  64B         
  2E5  [016000030 0025 11] 00 1 6 00 0 3 0  J 025 1 1  097         
  2E6  [606010000 00BA 04] 16 0 6 00 0 0 0  J 0BA 0 4  2E8    Z0   
  2E7  [0130000D0 00B9 10] 00 1 3 00 0 D 0  J 0B9 1 0  2E6         
  2E8  [0000005D0 0024 01] 00 0 0 00 5 D 0  J 024 0 1  091         
  2E9  [406110340 00BA 00] 14 0 6 01 3 4 0  J 0BA 0 0  2E8         
  2EA  [3050105DD 0193 10] 13 0 5 00 5 D D  J 193 1 0  64E         
  2EB  [000000000 0000 07] 00 0 0 00 0 0 0  J 000 0 7  000    RT   
  2EC  [6166110A0 00BB 14] 16 1 6 16 0 A 0  J 0BB 1 4  2EE    Z0   
  2ED  [0160000A0 0193 11] 00 1 6 00 0 A 0  J 193 1 1  64F         
  2EE  [3106110C0 00BC 04] 13 1 0 16 0 C 0  J 0BC 0 4  2F0    Z0   
  2EF  [0130000C0 0194 00] 00 1 3 00 0 C 0  J 194 0 0  650         
  2F0  [303110000 00BA 10] 13 0 3 01 0 0 0  J 0BA 1 0  2EA         
  2F1  [003000000 00BD 00] 00 0 3 00 0 0 0  J 0BD 0 0  2F4         
  2F2  [601010000 0194 01] 16 0 1 00 0 0 0  J 194 0 1  651         
  2F3  [4060102D0 0194 10] 14 0 6 00 2 D 0  J 194 1 0  652         
  2F4  [0000005D0 0194 11] 00 0 0 00 5 D 0  J 194 1 1  653         
  2F5  [515210050 0154 50] 15 1 5 02 0 5 0  J 154 5 0  550 CC      
  2F6  [303110000 00BD 04] 13 0 3 01 0 0 0  J 0BD 0 4  2F4    Z0   
  2F7  [0000002D0 00BD 10] 00 0 0 00 2 D 0  J 0BD 1 0  2F6         
  2F8  [0110000F0 00BE 10] 00 1 1 00 0 F 0  J 0BE 1 0  2FA         
  2F9  [015000016 00BE 00] 00 1 5 00 0 1 6  J 0BE 0 0  2F8         
  2FA  [0120000D0 119D 11] 00 1 2 00 0 D 0  C 19D 1 1  677         
  2FB  [006000340 00BF 00] 00 0 6 00 3 4 0  J 0BF 0 0  2FC         
  2FC  [003100000 1195 01] 00 0 3 01 0 0 0  C 195 0 1  655         
  2FD  [003000000 0026 01] 00 0 3 00 0 0 0  J 026 0 1  099         
  2FE  [606010000 00C0 04] 16 0 6 00 0 0 0  J 0C0 0 4  300    Z0   
  2FF  [006000000 00C1 01] 00 0 6 00 0 0 0  J 0C1 0 1  305         
  300  [305111000 00C0 10] 13 0 5 11 0 0 0  J 0C0 1 0  302         
  301  [303110000 0195 01] 13 0 3 01 0 0 0  J 195 0 1  655         
  302  [000000400 0195 10] 00 0 0 00 4 0 0  J 195 1 0  656         
  303  [115200040 0154 51] 01 1 5 02 0 4 0  J 154 5 1  551 CC      
  304  [000000000 1026 01] 00 0 0 00 0 0 0  C 026 0 1  099         
  305  [006000000 019D 10] 00 0 6 00 0 0 0  J 19D 1 0  676         
  306  [003000000 0026 01] 00 0 3 00 0 0 0  J 026 0 1  099         
  307  [414010080 0156 50] 14 1 4 00 0 8 0  J 156 5 0  558 CC      
  308  [1430012E0 002C 54] 01 4 3 10 2 E 0  J 02C 5 4  0B0 CC Z0   
  309  [0000005E0 0197 00] 00 0 0 00 5 E 0  J 197 0 0  65C         
  30A  [0000005E0 0197 01] 00 0 0 00 5 E 0  J 197 0 1  65D         
  30B  [303110000 00C3 06] 13 0 3 01 0 0 0  J 0C3 0 6  30C    SC   
  30C  [003000000 0026 01] 00 0 3 00 0 0 0  J 026 0 1  099         
  30D  [014000010 0197 10] 00 1 4 00 0 1 0  J 197 1 0  65E         
  30E  [30310000D 0197 10] 03 0 3 01 0 0 D  J 197 1 0  65E         
  30F  [015000012 00C4 00] 00 1 5 00 0 1 2  J 0C4 0 0  310         
  310  [004000000 119D 11] 00 0 4 00 0 0 0  C 19D 1 1  677         
  311  [003000000 0026 01] 00 0 3 00 0 0 0  J 026 0 1  099         
  312  [0000005E0 0197 11] 00 0 0 00 5 E 0  J 197 1 1  65F         
  313  [0132000C0 00C5 06] 00 1 3 02 0 C 0  J 0C5 0 6  314    SC   
  314  [000000000 00C5 10] 00 0 0 00 0 0 0  J 0C5 1 0  316         
  315  [000000400 0198 00] 00 0 0 00 4 0 0  J 198 0 0  660         
  316  [013000010 1195 01] 00 1 3 00 0 1 0  C 195 0 1  655         
  317  [003000000 0026 01] 00 0 3 00 0 0 0  J 026 0 1  099         
  318  [000000400 0198 00] 00 0 0 00 4 0 0  J 198 0 0  660         
  319  [000000400 0198 01] 00 0 0 00 4 0 0  J 198 0 1  661         
  31A  [0160000D0 0198 11] 00 1 6 00 0 D 0  J 198 1 1  663         
  31B  [0060002D0 019A 01] 00 0 6 00 2 D 0  J 19A 0 1  669         
  31C  [015000012 119D 11] 00 1 5 00 0 1 2  C 19D 1 1  677         
  31D  [0130000DD 00C7 10] 00 1 3 00 0 D D  J 0C7 1 0  31E         
  31E  [3030005C4 002E 33] 03 0 3 00 5 C 4  J 02E 3 3  0B8 S3 S2   
  31F  [01061103F 00C7 10] 10 1 0 16 0 3 F  J 0C7 1 0  31E         
  320  [000000000 119D 11] 00 0 0 00 0 0 0  C 19D 1 1  677         
  321  [000000000 00BF 00] 00 0 0 00 0 0 0  J 0BF 0 0  2FC         
  322  [3031002D0 00C8 14] 03 0 3 01 2 D 0  J 0C8 1 4  322    Z0   
  323  [0140000CD 00C9 00] 00 1 4 00 0 C D  J 0C9 0 0  324         
  324  [000000000 1158 11] 00 0 0 00 0 0 0  C 158 1 1  563         
  325  [000000000 00C9 10] 00 0 0 00 0 0 0  J 0C9 1 0  326         
  326  [0130000C0 10CB 10] 00 1 3 00 0 C 0  C 0CB 1 0  32E         
  327  [20600135D 00CA 04] 02 0 6 10 3 5 D  J 0CA 0 4  328    Z0   
  328  [604010000 00CA 10] 16 0 4 00 0 0 0  J 0CA 1 0  32A         
  329  [004000000 00C7 00] 00 0 4 00 0 0 0  J 0C7 0 0  31C         
  32A  [0130000C0 1158 01] 00 1 3 00 0 C 0  C 158 0 1  561         
  32B  [000000000 00C9 10] 00 0 0 00 0 0 0  J 0C9 1 0  326         
  32C  [005010400 0199 01] 10 0 5 00 4 0 0  J 199 0 1  665         
  32D  [014200060 0000 07] 00 1 4 02 0 6 0  J 000 0 7  000    RT   
  32E  [00011100F 0159 50] 10 0 0 11 0 0 F  J 159 5 0  564 CC      
  32F  [000000400 019A 00] 00 0 0 00 4 0 0  J 19A 0 0  668         
  330  [0130000C0 00CB 10] 00 1 3 00 0 C 0  J 0CB 1 0  32E         
  331  [000000400 019A 00] 00 0 0 00 4 0 0  J 19A 0 0  668         
  332  [006000000 00CD 00] 00 0 6 00 0 0 0  J 0CD 0 0  334         
  333  [01400002C 0000 07] 00 1 4 00 0 2 C  J 000 0 7  000    RT   
  334  [004000400 019A 10] 00 0 4 00 4 0 0  J 19A 1 0  66A         
  335  [0160000D0 019A 11] 00 1 6 00 0 D 0  J 19A 1 1  66B         
  336  [0132000C0 015B 00] 00 1 3 02 0 C 0  J 15B 0 0  56C         
  337  [0130000D1 00C7 10] 00 1 3 00 0 D 1  J 0C7 1 0  31E         
  338  [404110000 00CD 10] 14 0 4 01 0 0 0  J 0CD 1 0  336         
  339  [4061112DD 019B 01] 14 0 6 11 2 D D  J 19B 0 1  66D         
  33A  [0132000C1 10CB 10] 00 1 3 02 0 C 1  C 0CB 1 0  32E         
  33B  [60401000D 00CF 00] 16 0 4 00 0 0 D  J 0CF 0 0  33C         
  33C  [0130000C0 1158 01] 00 1 3 00 0 C 0  C 158 0 1  561         
  33D  [004000650 019A 11] 00 0 4 00 6 5 0  J 19A 1 1  66B         
  33E  [003000000 119B 10] 00 0 3 00 0 0 0  C 19B 1 0  66E         
  33F  [003000001 0149 00] 00 0 3 00 0 0 1  J 149 0 0  524         
  340  [00300000D 1026 00] 00 0 3 00 0 0 D  C 026 0 0  098         
  341  [00300000D 0149 00] 00 0 3 00 0 0 D  J 149 0 0  524         
  342  [000000000 1140 10] 00 0 0 00 0 0 0  C 140 1 0  502         
  343  [21040000A 00D1 02] 02 1 0 04 0 0 A  J 0D1 0 2  344    S0   
  344  [000000000 00D1 12] 00 0 0 00 0 0 0  J 0D1 1 2  346    S0   
  345  [014000020 010B 10] 00 1 4 00 0 2 0  J 10B 1 0  42E         
  346  [016600010 00D2 03] 00 1 6 06 0 1 0  J 0D2 0 3  348    S2   
  347  [6165000D0 019C 00] 06 1 6 05 0 D 0  J 19C 0 0  670         
  348  [004000330 010B 10] 00 0 4 00 3 3 0  J 10B 1 0  42E         
  349  [000000330 001A 01] 00 0 0 00 3 3 0  J 01A 0 1  069         
  34A  [0130000DD 119C 11] 00 1 3 00 0 D D  C 19C 1 1  673         
  34B  [303010000 00D3 04] 13 0 3 00 0 0 0  J 0D3 0 4  34C    Z0   
  34C  [303110000 019C 10] 13 0 3 01 0 0 0  J 19C 1 0  672         
  34D  [000000000 00C1 01] 00 0 0 00 0 0 0  J 0C1 0 1  305         
  34E  [006000100 00D3 00] 00 0 6 00 1 0 0  J 0D3 0 0  34C         
  34F  [006000000 0000 07] 00 0 6 00 0 0 0  J 000 0 7  000    RT   
  350  [003000000 0000 07] 00 0 3 00 0 0 0  J 000 0 7  000    RT   
  351  [013000010 0000 07] 00 1 3 00 0 1 0  J 000 0 7  000    RT   
  352  [000000000 0000 00] 00 0 0 00 0 0 0  J 000 0 0  000         
  353  [0130000C0 0000 07] 00 1 3 00 0 C 0  J 000 0 7  000    RT   
  354  [303100100 00D5 04] 03 0 3 01 1 0 0  J 0D5 0 4  354    Z0   
  355  [000000000 0000 07] 00 0 0 00 0 0 0  J 000 0 7  000    RT   
  356  [00000000C 0000 07] 00 0 0 00 0 0 C  J 000 0 7  000    RT   
  357  [003000007 00BF 11] 00 0 3 00 0 0 7  J 0BF 1 1  2FF         
  358  [016000113 0000 07] 00 1 6 00 1 1 3  J 000 0 7  000    RT   
  359  [006000103 0000 07] 00 0 6 00 1 0 3  J 000 0 7  000    RT   
  35A  [003000001 1149 00] 00 0 3 00 0 0 1  C 149 0 0  524         
  35B  [00300000D 0016 11] 00 0 3 00 0 0 D  J 016 1 1  05B         
  35C  [266300000 019F 01] 02 6 6 03 0 0 0  J 19F 0 1  67D         
  35D  [6162000A0 00D7 00] 06 1 6 02 0 A 0  J 0D7 0 0  35C         
  35E  [00000000C 0096 11] 00 0 0 00 0 0 C  J 096 1 1  25B         
  35F  [000000000 0096 11] 00 0 0 00 0 0 0  J 096 1 1  25B         
  360  [003000000 11AE 10] 00 0 3 00 0 0 0  C 1AE 1 0  6BA         
  361  [0130000E0 01E3 10] 00 1 3 00 0 E 0  J 1E3 1 0  78E         
  362  [0120000C0 11AF 01] 00 1 2 00 0 C 0  C 1AF 0 1  6BD         
  363  [000000000 00D9 00] 00 0 0 00 0 0 0  J 0D9 0 0  364         
  364  [003000000 11AF 11] 00 0 3 00 0 0 0  C 1AF 1 1  6BF         
  365  [0130000D0 00D9 10] 00 1 3 00 0 D 0  J 0D9 1 0  366         
  366  [303110100 00D9 14] 13 0 3 01 1 0 0  J 0D9 1 4  366    Z0   
  367  [016000110 00DA 00] 00 1 6 00 1 1 0  J 0DA 0 0  368         
  368  [0120000E0 119B 10] 00 1 2 00 0 E 0  C 19B 1 0  66E         
  369  [013000010 00DA 10] 00 1 3 00 0 1 0  J 0DA 1 0  36A         
  36A  [0120000D0 1195 01] 00 1 2 00 0 D 0  C 195 0 1  655         
  36B  [013000010 00DB 00] 00 1 3 00 0 1 0  J 0DB 0 0  36C         
  36C  [0120000D0 1029 01] 00 1 2 00 0 D 0  C 029 0 1  0A5         
  36D  [0120000C0 00DB 10] 00 1 2 00 0 C 0  J 0DB 1 0  36E         
  36E  [013000010 1195 01] 00 1 3 00 0 1 0  C 195 0 1  655         
  36F  [000000000 00DC 00] 00 0 0 00 0 0 0  J 0DC 0 0  370         
  370  [013000010 1029 01] 00 1 3 00 0 1 0  C 029 0 1  0A5         
  371  [003000680 01E3 11] 00 0 3 00 6 8 0  J 1E3 1 1  78F         
  372  [00600000D 015D 00] 00 0 6 00 0 0 D  J 15D 0 0  574         
  373  [000000670 00DD 00] 00 0 0 00 6 7 0  J 0DD 0 0  374         
  374  [010601090 10DD 14] 00 1 0 16 0 9 0  C 0DD 1 4  376    Z0   
  375  [000000000 00DE 00] 00 0 0 00 0 0 0  J 0DE 0 0  378         
  376  [00300000D 01A5 10] 00 0 3 00 0 0 D  J 1A5 1 0  696         
  377  [000000000 0096 11] 00 0 0 00 0 0 0  J 096 1 1  25B         
  378  [00300000D 10D0 01] 00 0 3 00 0 0 D  C 0D0 0 1  341         
  379  [000000000 0096 11] 00 0 0 00 0 0 0  J 096 1 1  25B         
  37A  [000000000 103B 33] 00 0 0 00 0 0 0  C 03B 3 3  0EC S3 S2   
  37B  [0120000A0 00DF 00] 00 1 2 00 0 A 0  J 0DF 0 0  37C         
  37C  [003000000 11AD 01] 00 0 3 00 0 0 0  C 1AD 0 1  6B5         
  37D  [40001000F 00DF 10] 14 0 0 00 0 0 F  J 0DF 1 0  37E         
  37E  [0132000F0 1166 01] 00 1 3 02 0 F 0  C 166 0 1  599         
  37F  [40001000F 0037 22] 14 0 0 00 0 0 F  J 037 2 2  0DC S1 S0   
  380  [00410000D 01A1 10] 00 0 4 01 0 0 D  J 1A1 1 0  686         
  381  [0130000DD 00D8 10] 00 1 3 00 0 D D  J 0D8 1 0  362         
  382  [0120000E0 00E1 00] 00 1 2 00 0 E 0  J 0E1 0 0  384         
  383  [00000000C 0096 11] 00 0 0 00 0 0 C  J 096 1 1  25B         
  384  [003000000 10C1 01] 00 0 3 00 0 0 0  C 0C1 0 1  305         
  385  [000000000 0096 11] 00 0 0 00 0 0 0  J 096 1 1  25B         
  386  [003000350 00E3 00] 00 0 3 00 3 5 0  J 0E3 0 0  38C         
  387  [004000000 00E2 00] 00 0 4 00 0 0 0  J 0E2 0 0  388         
  388  [0050005E0 01A3 00] 00 0 5 00 5 E 0  J 1A3 0 0  68C         
  389  [0060002C0 00E3 01] 00 0 6 00 2 C 0  J 0E3 0 1  38D         
  38A  [006000340 00E1 10] 00 0 6 00 3 4 0  J 0E1 1 0  386         
  38B  [000000000 015E 01] 00 0 0 00 0 0 0  J 15E 0 1  579         
  38C  [0120000CD 11AE 10] 00 1 2 00 0 C D  C 1AE 1 0  6BA         
  38D  [0120000A0 00E3 10] 00 1 2 00 0 A 0  J 0E3 1 0  38E         
  38E  [00300000D 119B 10] 00 0 3 00 0 0 D  C 19B 1 0  66E         
  38F  [014200011 00E7 10] 00 1 4 02 0 1 1  J 0E7 1 0  39E         
  390  [012000080 11AF 11] 00 1 2 00 0 8 0  C 1AF 1 1  6BF         
  391  [0130000D0 01A3 10] 00 1 3 00 0 D 0  J 1A3 1 0  68E         
  392  [003000000 1026 01] 00 0 3 00 0 0 0  C 026 0 1  099         
  393  [000000690 01A3 11] 00 0 0 00 6 9 0  J 1A3 1 1  68F         
  394  [000000000 1014 11] 00 0 0 00 0 0 0  C 014 1 1  053         
  395  [000000680 01E6 10] 00 0 0 00 6 8 0  J 1E6 1 0  79A         
  396  [003000001 0149 00] 00 0 3 00 0 0 1  J 149 0 0  524         
  397  [012000090 00F6 00] 00 1 2 00 0 9 0  J 0F6 0 0  3D8         
  398  [000000000 1026 00] 00 0 0 00 0 0 0  C 026 0 0  098         
  399  [000000000 00E6 10] 00 0 0 00 0 0 0  J 0E6 1 0  39A         
  39A  [00000000D 11A5 10] 00 0 0 00 0 0 D  C 1A5 1 0  696         
  39B  [00000000D 00E7 00] 00 0 0 00 0 0 D  J 0E7 0 0  39C         
  39C  [000000001 1149 00] 00 0 0 00 0 0 1  C 149 0 0  524         
  39D  [00300000D 0016 11] 00 0 3 00 0 0 D  J 016 1 1  05B         
  39E  [0120000A0 11AD 01] 00 1 2 00 0 A 0  C 1AD 0 1  6B5         
  39F  [0112000F0 00E8 00] 00 1 1 02 0 F 0  J 0E8 0 0  3A0         
  3A0  [000000000 1166 01] 00 0 0 00 0 0 0  C 166 0 1  599         
  3A1  [40001000F 00E8 10] 14 0 0 00 0 0 F  J 0E8 1 0  3A2         
  3A2  [0120000C0 103B 33] 00 1 2 00 0 C 0  C 03B 3 3  0EC S3 S2   
  3A3  [410000030 003A 56] 04 1 0 00 0 3 0  J 03A 5 6  0E8 CC SC   
  3A4  [016000030 0042 10] 00 1 6 00 0 3 0  J 042 1 0  10A         
  3A5  [016000043 0042 10] 00 1 6 00 0 4 3  J 042 1 0  10A         
  3A6  [0120000B0 00EA 00] 00 1 2 00 0 B 0  J 0EA 0 0  3A8         
  3A7  [0120000A0 00EA 00] 00 1 2 00 0 A 0  J 0EA 0 0  3A8         
  3A8  [003000000 1167 00] 00 0 3 00 0 0 0  C 167 0 0  59C         
  3A9  [012000490 01E7 00] 00 1 2 00 4 9 0  J 1E7 0 0  79C         
  3AA  [004100000 11AF 01] 00 0 4 01 0 0 0  C 1AF 0 1  6BD         
  3AB  [003000690 00EB 00] 00 0 3 00 6 9 0  J 0EB 0 0  3AC         
  3AC  [046601100 11AF 11] 00 4 6 16 1 0 0  C 1AF 1 1  6BF         
  3AD  [006000000 00EB 10] 00 0 6 00 0 0 0  J 0EB 1 0  3AE         
  3AE  [0130000D0 10EC 00] 00 1 3 00 0 D 0  C 0EC 0 0  3B0         
  3AF  [0120000D0 00EC 10] 00 1 2 00 0 D 0  J 0EC 1 0  3B2         
  3B0  [000000100 01A6 10] 00 0 0 00 1 0 0  J 1A6 1 0  69A         
  3B1  [013000010 0195 01] 00 1 3 00 0 1 0  J 195 0 1  655         
  3B2  [013000010 1195 01] 00 1 3 00 0 1 0  C 195 0 1  655         
  3B3  [000000000 00ED 00] 00 0 0 00 0 0 0  J 0ED 0 0  3B4         
  3B4  [003000000 1026 01] 00 0 3 00 0 0 0  C 026 0 1  099         
  3B5  [00000000D 0014 01] 00 0 0 00 0 0 D  J 014 0 1  051         
  3B6  [0120000C0 00EE 00] 00 1 2 00 0 C 0  J 0EE 0 0  3B8         
  3B7  [0120000CD 00EF 00] 00 1 2 00 0 C D  J 0EF 0 0  3BC         
  3B8  [00000000D 1108 00] 00 0 0 00 0 0 D  C 108 0 0  420         
  3B9  [00300000D 01E7 01] 00 0 3 00 0 0 D  J 1E7 0 1  79D         
  3BA  [000000000 00EF 00] 00 0 0 00 0 0 0  J 0EF 0 0  3BC         
  3BB  [4060102E0 00EF 00] 14 0 6 00 2 E 0  J 0EF 0 0  3BC         
  3BC  [003000000 11A8 00] 00 0 3 00 0 0 0  C 1A8 0 0  6A0         
  3BD  [004000680 01E8 01] 00 0 4 00 6 8 0  J 1E8 0 1  7A1         
  3BE  [0120000D0 1162 30] 00 1 2 00 0 D 0  C 162 3 0  588 S3      
  3BF  [00400000D 00E9 12] 00 0 4 00 0 0 D  J 0E9 1 2  3A6    S0   
  3C0  [016000180 11AF 01] 00 1 6 00 1 8 0  C 1AF 0 1  6BD         
  3C1  [0130000D0 0162 01] 00 1 3 00 0 D 0  J 162 0 1  589         
  3C2  [013000010 1195 01] 00 1 3 00 0 1 0  C 195 0 1  655         
  3C3  [010601080 00F1 04] 00 1 0 16 0 8 0  J 0F1 0 4  3C4    Z0   
  3C4  [0120000A0 01A7 00] 00 1 2 00 0 A 0  J 1A7 0 0  69C         
  3C5  [003000690 01E9 00] 00 0 3 00 6 9 0  J 1E9 0 0  7A4         
  3C6  [046601100 1026 01] 00 4 6 16 1 0 0  C 026 0 1  099         
  3C7  [000000000 00F2 00] 00 0 0 00 0 0 0  J 0F2 0 0  3C8         
  3C8  [0120000B1 1149 00] 00 1 2 00 0 B 1  C 149 0 0  524         
  3C9  [000000000 0096 11] 00 0 0 00 0 0 0  J 096 1 1  25B         
  3CA  [00000000D 1026 00] 00 0 0 00 0 0 D  C 026 0 0  098         
  3CB  [0120000C0 00F3 00] 00 1 2 00 0 C 0  J 0F3 0 0  3CC         
  3CC  [000000000 10D0 00] 00 0 0 00 0 0 0  C 0D0 0 0  340         
  3CD  [003000000 00F3 10] 00 0 3 00 0 0 0  J 0F3 1 0  3CE         
  3CE  [0060002C0 119B 10] 00 0 6 00 2 C 0  C 19B 1 0  66E         
  3CF  [01300001D 00F4 00] 00 1 3 00 0 1 D  J 0F4 0 0  3D0         
  3D0  [000000000 1029 01] 00 0 0 00 0 0 0  C 029 0 1  0A5         
  3D1  [013000010 01E9 01] 00 1 3 00 0 1 0  J 1E9 0 1  7A5         
  3D2  [606000000 10F5 04] 06 0 6 00 0 0 0  C 0F5 0 4  3D4    Z0   
  3D3  [000000400 01E9 10] 00 0 0 00 4 0 0  J 1E9 1 0  7A6         
  3D4  [00300000D 0014 01] 00 0 3 00 0 0 D  J 014 0 1  051         
  3D5  [012000090 00F5 10] 00 1 2 00 0 9 0  J 0F5 1 0  3D6         
  3D6  [003000000 11AC 10] 00 0 3 00 0 0 0  C 1AC 1 0  6B2         
  3D7  [013000010 0026 00] 00 1 3 00 0 1 0  J 026 0 0  098         
  3D8  [000000001 1149 00] 00 0 0 00 0 0 1  C 149 0 0  524         
  3D9  [0120000BD 01A7 01] 00 1 2 00 0 B D  J 1A7 0 1  69D         
  3DA  [00610010D 11AC 10] 00 0 6 01 1 0 D  C 1AC 1 0  6B2         
  3DB  [000000000 00F7 00] 00 0 0 00 0 0 0  J 0F7 0 0  3DC         
  3DC  [013000010 1195 01] 00 1 3 00 0 1 0  C 195 0 1  655         
  3DD  [000000000 00F7 10] 00 0 0 00 0 0 0  J 0F7 1 0  3DE         
  3DE  [013000010 1029 01] 00 1 3 00 0 1 0  C 029 0 1  0A5         
  3DF  [003000690 01EA 01] 00 0 3 00 6 9 0  J 1EA 0 1  7A9         
  3E0  [016601110 10F9 00] 00 1 6 16 1 1 0  C 0F9 0 0  3E4         
  3E1  [00610000D 01EA 11] 00 0 6 01 0 0 D  J 1EA 1 1  7AB         
  3E2  [000000001 1108 00] 00 0 0 00 0 0 1  C 108 0 0  420         
  3E3  [000000000 0096 11] 00 0 0 00 0 0 0  J 096 1 1  25B         
  3E4  [00300000D 11AC 10] 00 0 3 00 0 0 D  C 1AC 1 0  6B2         
  3E5  [013000010 0029 01] 00 1 3 00 0 1 0  J 029 0 1  0A5         
  3E6  [610500010 00FA 04] 06 1 0 05 0 1 0  J 0FA 0 4  3E8    Z0   
  3E7  [003000000 00FE 00] 00 0 3 00 0 0 0  J 0FE 0 0  3F8         
  3E8  [0120000E0 11A8 11] 00 1 2 00 0 E 0  C 1A8 1 1  6A3         
  3E9  [000000000 0096 11] 00 0 0 00 0 0 0  J 096 1 1  25B         
  3EA  [003000000 00FC 00] 00 0 3 00 0 0 0  J 0FC 0 0  3F0         
  3EB  [000000000 0096 11] 00 0 0 00 0 0 0  J 096 1 1  25B         
  3EC  [006100343 119B 10] 00 0 6 01 3 4 3  C 19B 1 0  66E         
  3ED  [000000000 00FB 10] 00 0 0 00 0 0 0  J 0FB 1 0  3EE         
  3EE  [003000001 1149 00] 00 0 3 00 0 0 1  C 149 0 0  524         
  3EF  [00300000D 01EB 00] 00 0 3 00 0 0 D  J 1EB 0 0  7AC         
  3F0  [0060002E0 11AE 10] 00 0 6 00 2 E 0  C 1AE 1 0  6BA         
  3F1  [0120000A0 00FC 10] 00 1 2 00 0 A 0  J 0FC 1 0  3F2         
  3F2  [003000000 119B 10] 00 0 3 00 0 0 0  C 19B 1 0  66E         
  3F3  [006000006 0053 03] 00 0 6 00 0 0 6  J 053 0 3  14C    S2   
  3F4  [003000000 119B 10] 00 0 3 00 0 0 0  C 19B 1 0  66E         
  3F5  [014200010 0103 01] 00 1 4 02 0 1 0  J 103 0 1  40D         
  3F6  [014200011 1107 01] 00 1 4 02 0 1 1  C 107 0 1  41D         
  3F7  [006000000 01A7 10] 00 0 6 00 0 0 0  J 1A7 1 0  69E         
  3F8  [0060002E0 1026 00] 00 0 6 00 2 E 0  C 026 0 0  098         
  3F9  [006000000 0163 01] 00 0 6 00 0 0 0  J 163 0 1  58D         
  3FA  [000000000 00FF 10] 00 0 0 00 0 0 0  J 0FF 1 0  3FE         
  3FB  [4106010D0 00FF 04] 04 1 0 16 0 D 0  J 0FF 0 4  3FC    Z0   
  3FC  [404110000 00FF 10] 14 0 4 01 0 0 0  J 0FF 1 0  3FE         
  3FD  [000000000 0000 07] 00 0 0 00 0 0 0  J 000 0 7  000    RT   
  3FE  [000000000 11AD 01] 00 0 0 00 0 0 0  C 1AD 0 1  6B5         
  3FF  [0120000B0 0100 00] 00 1 2 00 0 B 0  J 100 0 0  400         
  400  [003000000 1167 00] 00 0 3 00 0 0 0  C 167 0 0  59C         
  401  [40001000F 0100 10] 14 0 0 00 0 0 F  J 100 1 0  402         
  402  [0132000F0 1166 01] 00 1 3 02 0 F 0  C 166 0 1  599         
  403  [000000000 0101 00] 00 0 0 00 0 0 0  J 101 0 0  404         
  404  [012000090 11AD 01] 00 1 2 00 0 9 0  C 1AD 0 1  6B5         
  405  [01060101F 0101 10] 00 1 0 16 0 1 F  J 101 1 0  406         
  406  [0122000A0 1166 01] 00 1 2 02 0 A 0  C 166 0 1  599         
  407  [444010000 0164 50] 14 4 4 00 0 0 0  J 164 5 0  590 CC      
  408  [000000000 11AD 01] 00 0 0 00 0 0 0  C 1AD 0 1  6B5         
  409  [504010000 0102 10] 15 0 4 00 0 0 0  J 102 1 0  40A         
  40A  [000000001 1166 01] 00 0 0 00 0 0 1  C 166 0 1  599         
  40B  [0120000C0 01A9 00] 00 1 2 00 0 C 0  J 1A9 0 0  6A4         
  40C  [003000000 11A9 01] 00 0 3 00 0 0 0  C 1A9 0 1  6A5         
  40D  [0120000A0 00FE 16] 00 1 2 00 0 A 0  J 0FE 1 6  3FA    SC   
  40E  [000000000 0104 00] 00 0 0 00 0 0 0  J 104 0 0  410         
  40F  [4106110D0 0104 14] 14 1 0 16 0 D 0  J 104 1 4  412    Z0   
  410  [4100100B8 1165 50] 14 1 0 00 0 B 8  C 165 5 0  594 CC      
  411  [0120000B0 0105 00] 00 1 2 00 0 B 0  J 105 0 0  414         
  412  [404110000 01A9 11] 14 0 4 01 0 0 0  J 1A9 1 1  6A7         
  413  [003000000 01AF 11] 00 0 3 00 0 0 0  J 1AF 1 1  6BF         
  414  [000000000 11AD 01] 00 0 0 00 0 0 0  C 1AD 0 1  6B5         
  415  [0120000A0 0105 10] 00 1 2 00 0 A 0  J 105 1 0  416         
  416  [003000000 1167 00] 00 0 3 00 0 0 0  C 167 0 0  59C         
  417  [0130000F0 0106 00] 00 1 3 00 0 F 0  J 106 0 0  418         
  418  [04020000F 1166 01] 00 4 0 02 0 0 F  C 166 0 1  599         
  419  [012000090 0106 10] 00 1 2 00 0 9 0  J 106 1 0  41A         
  41A  [000000000 11AD 01] 00 0 0 00 0 0 0  C 1AD 0 1  6B5         
  41B  [0122000B0 0107 00] 00 1 2 02 0 B 0  J 107 0 0  41C         
  41C  [01060101F 1166 01] 00 1 0 16 0 1 F  C 166 0 1  599         
  41D  [40001000F 01A9 10] 14 0 0 00 0 0 F  J 1A9 1 0  6A6         
  41E  [3031102E0 0107 14] 13 0 3 01 2 E 0  J 107 1 4  41E    Z0   
  41F  [413010010 01AA 01] 14 1 3 00 0 1 0  J 1AA 0 1  6A9         
  420  [003000000 1026 00] 00 0 3 00 0 0 0  C 026 0 0  098         
  421  [000000000 0108 10] 00 0 0 00 0 0 0  J 108 1 0  422         
  422  [003000000 11AB 10] 00 0 3 00 0 0 0  C 1AB 1 0  6AE         
  423  [003000000 0149 00] 00 0 3 00 0 0 0  J 149 0 0  524         
  424  [006000000 0109 10] 00 0 6 00 0 0 0  J 109 1 0  426         
  425  [000000000 0109 10] 00 0 0 00 0 0 0  J 109 1 0  426         
  426  [3031102E0 0109 14] 13 0 3 01 2 E 0  J 109 1 4  426    Z0   
  427  [043101000 0166 00] 00 4 3 11 0 0 0  J 166 0 0  598         
  428  [605010400 01AD 11] 16 0 5 00 4 0 0  J 1AD 1 1  6B7         
  429  [615010460 01AE 00] 16 1 5 00 4 6 0  J 1AE 0 0  6B8         
  42A  [043101000 0167 01] 00 4 3 11 0 0 0  J 167 0 1  59D         
  42B  [003000000 0026 00] 00 0 3 00 0 0 0  J 026 0 0  098         
  42C  [3031112E0 010B 04] 13 0 3 11 2 E 0  J 10B 0 4  42C    Z0   
  42D  [0130000D0 01B0 00] 00 1 3 00 0 D 0  J 1B0 0 0  6C0         
  42E  [000000630 11B0 01] 00 0 0 00 6 3 0  C 1B0 0 1  6C1         
  42F  [00300064D 008D 00] 00 0 3 00 6 4 D  J 08D 0 0  234         
  430  [004000000 010C 01] 00 0 4 00 0 0 0  J 10C 0 1  431         
  431  [3030115B0 0066 10] 13 0 3 10 5 B 0  J 066 1 0  19A         
  432  [303111400 0067 32] 13 0 3 11 4 0 0  J 067 3 2  19C S3 S0   
  433  [101010000 010D 04] 11 0 1 00 0 0 0  J 10D 0 4  434    Z0   
  434  [303111400 0169 31] 13 0 3 11 4 0 0  J 169 3 1  5A5 S3      
  435  [006101320 01B0 11] 00 0 6 11 3 2 0  J 1B0 1 1  6C3         
  436  [000000310 1002 00] 00 0 0 00 3 1 0  C 002 0 0  008         
  437  [000000300 01EC 10] 00 0 0 00 3 0 0  J 1EC 1 0  7B2         
  438  [3031002BD 010E 04] 03 0 3 01 2 B D  J 10E 0 4  438    Z0   
  439  [0130000B0 01EC 11] 00 1 3 00 0 B 0  J 1EC 1 1  7B3         
  43A  [462311000 1002 00] 14 6 2 13 0 0 0  C 002 0 0  008         
  43B  [60401060D 01ED 11] 16 0 4 00 6 0 D  J 1ED 1 1  7B7         
  43C  [3031112B3 010F 04] 13 0 3 11 2 B 3  J 10F 0 4  43C    Z0   
  43D  [000000000 010F 10] 00 0 0 00 0 0 0  J 10F 1 0  43E         
  43E  [013000040 01B1 10] 00 1 3 00 0 4 0  J 1B1 1 0  6C6         
  43F  [013000040 01B2 00] 00 1 3 00 0 4 0  J 1B2 0 0  6C8         
  440  [0000005B0 01B1 11] 00 0 0 00 5 B 0  J 1B1 1 1  6C7         
  441  [00011000F 010F 14] 10 0 0 01 0 0 F  J 10F 1 4  43E    Z0   
  442  [0000003E0 0000 07] 00 0 0 00 3 E 0  J 000 0 7  000    RT   
  443  [6160000A0 0110 10] 06 1 6 00 0 A 0  J 110 1 0  442         
  444  [000000000 0094 11] 00 0 0 00 0 0 0  J 094 1 1  253         
  445  [0041006D0 01F0 01] 00 0 4 01 6 D 0  J 1F0 0 1  7C1         
  446  [606010000 0112 04] 16 0 6 00 0 0 0  J 112 0 4  448    Z0   
  447  [000000000 0094 11] 00 0 0 00 0 0 0  J 094 1 1  253         
  448  [0120000C0 0112 10] 00 1 2 00 0 C 0  J 112 1 0  44A         
  449  [000000000 0113 10] 00 0 0 00 0 0 0  J 113 1 0  44E         
  44A  [001001000 106D 11] 00 0 1 10 0 0 0  C 06D 1 1  1B7         
  44B  [012000590 01F0 10] 00 1 2 00 5 9 0  J 1F0 1 0  7C2         
  44C  [6160001D0 0113 01] 06 1 6 00 1 D 0  J 113 0 1  44D         
  44D  [000000000 0114 10] 00 0 0 00 0 0 0  J 114 1 0  452         
  44E  [00300000D 108D 11] 00 0 3 00 0 0 D  C 08D 1 1  237         
  44F  [0160000A0 0114 00] 00 1 6 00 0 A 0  J 114 0 0  450         
  450  [0030003E0 11B4 10] 00 0 3 00 3 E 0  C 1B4 1 0  6D2         
  451  [000000000 0114 10] 00 0 0 00 0 0 0  J 114 1 0  452         
  452  [000000000 11B5 10] 00 0 0 00 0 0 0  C 1B5 1 0  6D6         
  453  [000000000 0115 00] 00 0 0 00 0 0 0  J 115 0 0  454         
  454  [000000000 11B6 01] 00 0 0 00 0 0 0  C 1B6 0 1  6D9         
  455  [000000630 01F1 10] 00 0 0 00 6 3 0  J 1F1 1 0  7C6         
  456  [000000000 0094 11] 00 0 0 00 0 0 0  J 094 1 1  253         
  457  [000000670 01F1 11] 00 0 0 00 6 7 0  J 1F1 1 1  7C7         
  458  [01020101D 1116 14] 00 1 0 12 0 1 D  C 116 1 4  45A    Z0   
  459  [014000020 010B 10] 00 1 4 00 0 2 0  J 10B 1 0  42E         
  45A  [000000000 0184 11] 00 0 0 00 0 0 0  J 184 1 1  613         
  45B  [005000804 01B9 01] 00 0 5 00 8 0 4  J 1B9 0 1  6E5         
  45C  [000000000 0184 11] 00 0 0 00 0 0 0  J 184 1 1  613         
  45D  [606000670 0117 14] 06 0 6 00 6 7 0  J 117 1 4  45E    Z0   
  45E  [60001000F 01B3 10] 16 0 0 00 0 0 F  J 1B3 1 0  6CE         
  45F  [000000000 0184 11] 00 0 0 00 0 0 0  J 184 1 1  613         
  460  [6100000A0 016C 51] 06 1 0 00 0 A 0  J 16C 5 1  5B1 CC      
  461  [000000000 0184 11] 00 0 0 00 0 0 0  J 184 1 1  613         
  462  [00300000D 108D 11] 00 0 3 00 0 0 D  C 08D 1 1  237         
  463  [0000006E0 0114 00] 00 0 0 00 6 E 0  J 114 0 0  450         
  464  [000000000 001A 01] 00 0 0 00 0 0 0  J 01A 0 1  069         
  465  [606000670 0119 14] 06 0 6 00 6 7 0  J 119 1 4  466    Z0   
  466  [60001000F 01B4 01] 16 0 0 00 0 0 F  J 1B4 0 1  6D1         
  467  [014000020 010B 10] 00 1 4 00 0 2 0  J 10B 1 0  42E         
  468  [014000020 010B 10] 00 1 4 00 0 2 0  J 10B 1 0  42E         
  469  [000000000 0118 10] 00 0 0 00 0 0 0  J 118 1 0  462         
  46A  [014000020 010B 10] 00 1 4 00 0 2 0  J 10B 1 0  42E         
  46B  [013000050 011B 00] 00 1 3 00 0 5 0  J 11B 0 0  46C         
  46C  [000000000 111B 10] 00 0 0 00 0 0 0  C 11B 1 0  46E         
  46D  [000000000 011C 00] 00 0 0 00 0 0 0  J 11C 0 0  470         
  46E  [3010012B0 011B 14] 03 0 1 10 2 B 0  J 11B 1 4  46E    Z0   
  46F  [00300000D 008D 11] 00 0 3 00 0 0 D  J 08D 1 1  237         
  470  [003000000 11B4 10] 00 0 3 00 0 0 0  C 1B4 1 0  6D2         
  471  [000000000 011C 10] 00 0 0 00 0 0 0  J 11C 1 0  472         
  472  [000000000 11B6 01] 00 0 0 00 0 0 0  C 1B6 0 1  6D9         
  473  [0000006DD 01F3 00] 00 0 0 00 6 D D  J 1F3 0 0  7CC         
  474  [000000000 0110 10] 00 0 0 00 0 0 0  J 110 1 0  442         
  475  [014000020 010B 10] 00 1 4 00 0 2 0  J 10B 1 0  42E         
  476  [366000100 011D 11] 03 6 6 00 1 0 0  J 11D 1 1  477         
  477  [0000006E0 006D 01] 00 0 0 00 6 E 0  J 06D 0 1  1B5         
  478  [303111100 011E 04] 13 0 3 11 1 0 0  J 11E 0 4  478    Z0   
  479  [0130000D0 01F4 11] 00 1 3 00 0 D 0  J 1F4 1 1  7D3         
  47A  [303110100 011E 14] 13 0 3 01 1 0 0  J 11E 1 4  47A    Z0   
  47B  [013000010 01F5 00] 00 1 3 00 0 1 0  J 1F5 0 0  7D4         
  47C  [015000090 01B5 00] 00 1 5 00 0 9 0  J 1B5 0 0  6D4         
  47D  [0140000A0 01B5 01] 00 1 4 00 0 A 0  J 1B5 0 1  6D5         
  47E  [003000000 1091 10] 00 0 3 00 0 0 0  C 091 1 0  246         
  47F  [00011100F 016E 50] 10 0 0 11 0 0 F  J 16E 5 0  5B8 CC      
  480  [610601090 0120 14] 06 1 0 16 0 9 0  J 120 1 4  482    Z0   
  481  [00610000D 01B5 11] 00 0 6 01 0 0 D  J 1B5 1 1  6D7         
  482  [006100000 01B6 00] 00 0 6 01 0 0 0  J 1B6 0 0  6D8         
  483  [006100000 0070 10] 00 0 6 01 0 0 0  J 070 1 0  1C2         
  484  [013000050 01B6 10] 00 1 3 00 0 5 0  J 1B6 1 0  6DA         
  485  [005000804 01B9 01] 00 0 5 00 8 0 4  J 1B9 0 1  6E5         
  486  [101410000 0122 01] 11 0 1 04 0 0 0  J 122 0 1  489         
  487  [004000000 01B6 11] 00 0 4 00 0 0 0  J 1B6 1 1  6DB         
  488  [460601000 1124 04] 04 6 0 16 0 0 0  C 124 0 4  490    Z0   
  489  [301001590 012F 50] 03 0 1 10 5 9 0  J 12F 5 0  4BC CC      
  48A  [005000590 0123 00] 00 0 5 00 5 9 0  J 123 0 0  48C         
  48B  [003100000 016F 01] 00 0 3 01 0 0 0  J 16F 0 1  5BD         
  48C  [460611000 1124 04] 14 6 0 16 0 0 0  C 124 0 4  490    Z0   
  48D  [3106010D0 0123 14] 03 1 0 16 0 D 0  J 123 1 4  48E    Z0   
  48E  [303111000 0003 54] 13 0 3 11 0 0 0  J 003 5 4  00C CC Z0   
  48F  [313011020 0122 10] 13 1 3 10 0 2 0  J 122 1 0  48A         
  490  [000000720 01B7 01] 00 0 0 00 7 2 0  J 1B7 0 1  6DD         
  491  [005100000 0124 00] 00 0 5 01 0 0 0  J 124 0 0  490         
  492  [616211020 0180 00] 16 1 6 12 0 2 0  J 180 0 0  600         
  493  [000000000 0180 00] 00 0 0 00 0 0 0  J 180 0 0  600         
  494  [00500031D 11B9 01] 00 0 5 00 3 1 D  C 1B9 0 1  6E5         
  495  [603010000 01B7 10] 16 0 3 00 0 0 0  J 1B7 1 0  6DE         
  496  [005000000 11BA 11] 00 0 5 00 0 0 0  C 1BA 1 1  6EB         
  497  [0160000E0 0126 00] 00 1 6 00 0 E 0  J 126 0 0  498         
  498  [014000060 1171 01] 00 1 4 00 0 6 0  C 171 0 1  5C5         
  499  [005000000 0126 10] 00 0 5 00 0 0 0  J 126 1 0  49A         
  49A  [016000090 11BA 01] 00 1 6 00 0 9 0  C 1BA 0 1  6E9         
  49B  [000000660 0127 03] 00 0 0 00 6 6 0  J 127 0 3  49C    S2   
  49C  [000000000 0100 00] 00 0 0 00 0 0 0  J 100 0 0  400         
  49D  [250601650 0127 14] 02 5 0 16 6 5 0  J 127 1 4  49E    Z0   
  49E  [610510040 0128 04] 16 1 0 05 0 4 0  J 128 0 4  4A0    Z0   
  49F  [00000000E 0127 10] 00 0 0 00 0 0 E  J 127 1 0  49E         
  4A0  [00020000D 01B8 01] 00 0 0 02 0 0 D  J 1B8 0 1  6E1         
  4A1  [000000650 01F7 00] 00 0 0 00 6 5 0  J 1F7 0 0  7DC         
  4A2  [006000360 01B7 11] 00 0 6 00 3 6 0  J 1B7 1 1  6DF         
  4A3  [001100000 01B8 10] 00 0 1 01 0 0 0  J 1B8 1 0  6E2         
  4A4  [00500035D 11B9 01] 00 0 5 00 3 5 D  C 1B9 0 1  6E5         
  4A5  [000000000 0129 10] 00 0 0 00 0 0 0  J 129 1 0  4A6         
  4A6  [000000000 11B9 01] 00 0 0 00 0 0 0  C 1B9 0 1  6E5         
  4A7  [000000000 01B9 01] 00 0 0 00 0 0 0  J 1B9 0 1  6E5         
  4A8  [603010000 0000 07] 16 0 3 00 0 0 0  J 000 0 7  000    RT   
  4A9  [303410A10 01BB 00] 13 0 3 04 A 1 0  J 1BB 0 0  6EC         
  4AA  [00000000E 012A 11] 00 0 0 00 0 0 E  J 12A 1 1  4AB         
  4AB  [0041006D0 01F8 10] 00 0 4 01 6 D 0  J 1F8 1 0  7E2         
  4AC  [4041106A0 01BB 01] 14 0 4 01 6 A 0  J 1BB 0 1  6ED         
  4AD  [014000020 008A 11] 00 1 4 00 0 2 0  J 08A 1 1  22B         
  4AE  [015000080 0000 07] 00 1 5 00 0 8 0  J 000 0 7  000    RT   
  4AF  [510510C20 012B 14] 15 1 0 05 C 2 0  J 12B 1 4  4AE    Z0   
  4B0  [0150000A0 119C 11] 00 1 5 00 0 A 0  C 19C 1 1  673         
  4B1  [304010670 012C 10] 13 0 4 00 6 7 0  J 12C 1 0  4B2         
  4B2  [6400113C0 1174 50] 16 4 0 10 3 C 0  C 174 5 0  5D0 CC      
  4B3  [000000000 012D 00] 00 0 0 00 0 0 0  J 12D 0 0  4B4         
  4B4  [003000000 11B4 10] 00 0 3 00 0 0 0  C 1B4 1 0  6D2         
  4B5  [005000000 012D 10] 00 0 5 00 0 0 0  J 12D 1 0  4B6         
  4B6  [004000000 10A1 10] 00 0 4 00 0 0 0  C 0A1 1 0  286         
  4B7  [003000000 012E 00] 00 0 3 00 0 0 0  J 12E 0 0  4B8         
  4B8  [005000400 1130 11] 00 0 5 00 4 0 0  C 130 1 1  4C3         
  4B9  [303110670 01FA 01] 13 0 3 01 6 7 0  J 1FA 0 1  7E9         
  4BA  [606010000 112F 04] 16 0 6 00 0 0 0  C 12F 0 4  4BC    Z0   
  4BB  [042101650 01FE 00] 00 4 2 11 6 5 0  J 1FE 0 0  7F8         
  4BC  [0160000A0 01BC 00] 00 1 6 00 0 A 0  J 1BC 0 0  6F0         
  4BD  [000000000 001A 01] 00 0 0 00 0 0 0  J 01A 0 1  069         
  4BE  [310010040 1175 50] 13 1 0 00 0 4 0  C 175 5 0  5D4 CC      
  4BF  [000000680 01BC 01] 00 0 0 00 6 8 0  J 1BC 0 1  6F1         
  4C0  [000000000 012F 10] 00 0 0 00 0 0 0  J 12F 1 0  4BE         
  4C1  [000000000 001A 01] 00 0 0 00 0 0 0  J 01A 0 1  069         
  4C2  [20000000F 0077 11] 02 0 0 00 0 0 F  J 077 1 1  1DF         
  4C3  [110510C00 0130 14] 11 1 0 05 C 0 0  J 130 1 4  4C2    Z0   
  4C4  [002000F18 11BC 11] 00 0 2 00 F 1 8  C 1BC 1 1  6F3         
  4C5  [0120000D0 0131 10] 00 1 2 00 0 D 0  J 131 1 0  4C6         
  4C6  [013000010 11BD 00] 00 1 3 00 0 1 0  C 1BD 0 0  6F4         
  4C7  [012000014 0132 00] 00 1 2 00 0 1 4  J 132 0 0  4C8         
  4C8  [000000000 11BC 11] 00 0 0 00 0 0 0  C 1BC 1 1  6F3         
  4C9  [0120000C0 0132 10] 00 1 2 00 0 C 0  J 132 1 0  4CA         
  4CA  [013000010 11BD 00] 00 1 3 00 0 1 0  C 1BD 0 0  6F4         
  4CB  [00000065D 01FA 10] 00 0 0 00 6 5 D  J 1FA 1 0  7EA         
  4CC  [005000000 112B 11] 00 0 5 00 0 0 0  C 12B 1 1  4AF         
  4CD  [0112010C0 0133 13] 00 1 1 12 0 C 0  J 133 1 3  4CE    S2   
  4CE  [0120000D0 1176 00] 00 1 2 00 0 D 0  C 176 0 0  5D8         
  4CF  [0120000C0 0176 00] 00 1 2 00 0 C 0  J 176 0 0  5D8         
  4D0  [010010060 1177 50] 10 1 0 00 0 6 0  C 177 5 0  5DC CC      
  4D1  [000000000 0134 11] 00 0 0 00 0 0 0  J 134 1 1  4D3         
  4D2  [000000000 0110 00] 00 0 0 00 0 0 0  J 110 0 0  440         
  4D3  [005000680 0134 10] 00 0 5 00 6 8 0  J 134 1 0  4D2         
  4D4  [000000400 01BE 00] 00 0 0 00 4 0 0  J 1BE 0 0  6F8         
  4D5  [000000000 0031 02] 00 0 0 00 0 0 0  J 031 0 2  0C4    S0   
  4D6  [000000000 0031 12] 00 0 0 00 0 0 0  J 031 1 2  0C6    S0   
  4D7  [303410000 0135 06] 13 0 3 04 0 0 0  J 135 0 6  4D4    SC   
  4D8  [001000000 119C 11] 00 0 1 00 0 0 0  C 19C 1 1  673         
  4D9  [304110000 01FC 10] 13 0 4 01 0 0 0  J 1FC 1 0  7F2         
  4DA  [3430102D0 01BE 01] 13 4 3 00 2 D 0  J 1BE 0 1  6F9         
  4DB  [015200080 01FC 11] 00 1 5 02 0 8 0  J 1FC 1 1  7F3         
  4DC  [0000005D0 10D7 06] 00 0 0 00 5 D 0  C 0D7 0 6  35C    SC   
  4DD  [3031102D0 0179 50] 13 0 3 01 2 D 0  J 179 5 0  5E4 CC      
  4DE  [0000005D0 10D7 00] 00 0 0 00 5 D 0  C 0D7 0 0  35C         
  4DF  [301001210 0179 51] 03 0 1 10 2 1 0  J 179 5 1  5E5 CC      
  4E0  [005000000 119C 11] 00 0 5 00 0 0 0  C 19C 1 1  673         
  4E1  [00400000D 0138 10] 00 0 4 00 0 0 D  J 138 1 0  4E2         
  4E2  [310601040 1139 14] 03 1 0 16 0 4 0  C 139 1 4  4E6    Z0   
  4E3  [000000000 0139 00] 00 0 0 00 0 0 0  J 139 0 0  4E4         
  4E4  [155200000 117F 11] 01 5 5 02 0 0 0  C 17F 1 1  5FF         
  4E5  [000000000 013A 01] 00 0 0 00 0 0 0  J 13A 0 1  4E9         
  4E6  [000000000 0188 01] 00 0 0 00 0 0 0  J 188 0 1  621         
  4E7  [303111400 017A 30] 13 0 3 11 4 0 0  J 17A 3 0  5E8 S3      
  4E8  [602010000 117F 10] 16 0 2 00 0 0 0  C 17F 1 0  5FE         
  4E9  [306010390 01FD 00] 13 0 6 00 3 9 0  J 1FD 0 0  7F4         
  4EA  [3030115D0 01BE 11] 13 0 3 10 5 D 0  J 1BE 1 1  6FB         
  4EB  [005000680 013B 10] 00 0 5 00 6 8 0  J 13B 1 0  4EE         
  4EC  [303401F20 11C1 10] 03 0 3 14 F 2 0  C 1C1 1 0  706         
  4ED  [004000000 013A 16] 00 0 4 00 0 0 0  J 13A 1 6  4EA    SC   
  4EE  [60001000F 11BF 00] 16 0 0 00 0 0 F  C 1BF 0 0  6FC         
  4EF  [005000690 01C1 00] 00 0 5 00 6 9 0  J 1C1 0 0  704         
  4F0  [006000360 007D 22] 00 0 6 00 3 6 0  J 07D 2 2  1F4 S1 S0   
  4F1  [006000340 007E 22] 00 0 6 00 3 4 0  J 07E 2 2  1F8 S1 S0   
  4F2  [506010100 11C1 11] 15 0 6 00 1 0 0  C 1C1 1 1  707         
  4F3  [206200310 017B 51] 02 0 6 02 3 1 0  J 17B 5 1  5ED CC      
  4F4  [303111400 01C1 01] 13 0 3 11 4 0 0  J 1C1 0 1  705         
  4F5  [004000F30 013E 10] 00 0 4 00 F 3 0  J 13E 1 0  4FA         
  4F6  [605010000 113E 00] 16 0 5 00 0 0 0  C 13E 0 0  4F8         
  4F7  [000000000 013D 06] 00 0 0 00 0 0 0  J 13D 0 6  4F4    SC   
  4F8  [301401F10 117D 50] 03 0 1 14 F 1 0  C 17D 5 0  5F4 CC      
  4F9  [606300359 017C 01] 06 0 6 03 3 5 9  J 17C 0 1  5F1         
  4FA  [005000000 11C1 10] 00 0 5 00 0 0 0  C 1C1 1 0  706         
  4FB  [510510010 013F 04] 15 1 0 05 0 1 0  J 13F 0 4  4FC    Z0   
  4FC  [000000F0C 001A 01] 00 0 0 00 F 0 C  J 01A 0 1  069         
  4FD  [000000F00 001A 01] 00 0 0 00 F 0 0  J 01A 0 1  069         
  4FE  [000000000 0131 00] 00 0 0 00 0 0 0  J 131 0 0  4C4         
  4FF  [000000000 0130 00] 00 0 0 00 0 0 0  J 130 0 0  4C0         
  500  [0000002F0 0003 11] 00 0 0 00 2 F 0  J 003 1 1  00F         
  501  [403010000 017E 00] 14 0 3 00 0 0 0  J 17E 0 0  5F8         
  502  [000000F00 0000 07] 00 0 0 00 F 0 0  J 000 0 7  000    RT   
  503  [00600033C 010B 10] 00 0 6 00 3 3 C  J 10B 1 0  42E         
  504  [0000005D0 017F 00] 00 0 0 00 5 D 0  J 17F 0 0  5FC         
  505  [6160100A0 0141 11] 16 1 6 00 0 A 0  J 141 1 1  507         
  506  [515010064 0141 00] 15 1 5 00 0 6 4  J 141 0 0  504         
  507  [300001210 0142 30] 03 0 0 10 2 1 0  J 142 3 0  508 S3      
  508  [006000000 0082 16] 00 0 6 00 0 0 0  J 082 1 6  20A    SC   
  509  [0060012B0 017F 01] 00 0 6 10 2 B 0  J 17F 0 1  5FD         
  50A  [016000010 0082 11] 00 1 6 00 0 1 0  J 082 1 1  20B         
  50B  [0060002B0 0083 00] 00 0 6 00 2 B 0  J 083 0 0  20C         
  50C  [00011000F 0088 03] 10 0 0 01 0 0 F  J 088 0 3  220    S2   
  50D  [000000400 0180 10] 00 0 0 00 4 0 0  J 180 1 0  602         
  50E  [01061108F 0180 11] 10 1 0 16 0 8 F  J 180 1 1  603         
  50F  [000000000 008A 10] 00 0 0 00 0 0 0  J 08A 1 0  22A         
  510  [000000000 0144 60] 00 0 0 00 0 0 0  J 144 6 0  510 KB      
  511  [604010000 008B 10] 16 0 4 00 0 0 0  J 08B 1 0  22E         
  512  [000000000 0000 00] 00 0 0 00 0 0 0  J 000 0 0  000         
  513  [000000000 010B 10] 00 0 0 00 0 0 0  J 10B 1 0  42E         
  514  [604010400 0182 00] 16 0 4 00 4 0 0  J 182 0 0  608         
  515  [60001000F 0090 14] 16 0 0 00 0 0 F  J 090 1 4  242    Z0   
  516  [000000000 010B 10] 00 0 0 00 0 0 0  J 10B 1 0  42E         
  517  [613010020 008F 10] 16 1 3 00 0 2 0  J 08F 1 0  23E         
  518  [60001000B 0183 10] 16 0 0 00 0 0 B  J 183 1 0  60E         
  519  [000000002 000A 11] 00 0 0 00 0 0 2  J 00A 1 1  02B         
  51A  [60001000A 01CC 10] 16 0 0 00 0 0 A  J 1CC 1 0  732         
  51B  [006000339 0147 11] 00 0 6 00 3 3 9  J 147 1 1  51F         
  51C  [202410000 0147 50] 12 0 2 04 0 0 0  J 147 5 0  51C CC      
  51D  [202410000 0147 50] 12 0 2 04 0 0 0  J 147 5 0  51C CC      
  51E  [101410000 0147 51] 11 0 1 04 0 0 0  J 147 5 1  51D CC      
  51F  [02000000F 01CC 11] 00 2 0 00 0 0 F  J 1CC 1 1  733         
  520  [000000000 0147 00] 00 0 0 00 0 0 0  J 147 0 0  51C         
  521  [406010370 0184 01] 14 0 6 00 3 7 0  J 184 0 1  611         
  522  [000000640 00A7 00] 00 0 0 00 6 4 0  J 0A7 0 0  29C         
  523  [000000000 000A 11] 00 0 0 00 0 0 0  J 00A 1 1  02B         
  524  [0000005E0 0198 10] 00 0 0 00 5 E 0  J 198 1 0  662         
  525  [0000003A0 0185 01] 00 0 0 00 3 A 0  J 185 0 1  615         
  526  [003000000 0026 02] 00 0 3 00 0 0 0  J 026 0 2  098    S0   
  527  [0110000F0 01CE 10] 00 1 1 00 0 F 0  J 1CE 1 0  73A         
  528  [616010090 0149 01] 16 1 6 00 0 9 0  J 149 0 1  525         
  529  [000000F40 002F 12] 00 0 0 00 F 4 0  J 02F 1 2  0BE    S0   
  52A  [0110000F0 0011 33] 00 1 1 00 0 F 0  J 011 3 3  044 S3 S2   
  52B  [000000F50 002F 12] 00 0 0 00 F 5 0  J 02F 1 2  0BE    S0   
  52C  [01400002C 010B 10] 00 1 4 00 0 2 C  J 10B 1 0  42E         
  52D  [30001000F 0188 10] 13 0 0 00 0 0 F  J 188 1 0  622         
  52E  [60001000F 0188 00] 16 0 0 00 0 0 F  J 188 0 0  620         
  52F  [01400002C 010B 10] 00 1 4 00 0 2 C  J 10B 1 0  42E         
  530  [60401063D 018A 00] 16 0 4 00 6 3 D  J 18A 0 0  628         
  531  [001101000 0189 10] 00 0 1 11 0 0 0  J 189 1 0  626         
  532  [60001000F 014C 21] 16 0 0 00 0 0 F  J 14C 2 1  531 S1      
  533  [00300000D 00A3 10] 00 0 3 00 0 0 D  J 0A3 1 0  28E         
  534  [014000020 018A 01] 00 1 4 00 0 2 0  J 18A 0 1  629         
  535  [60601000B 018A 11] 16 0 6 00 0 0 B  J 18A 1 1  62B         
  536  [014000030 0131 00] 00 1 4 00 0 3 0  J 131 0 0  4C4         
  537  [000000000 0017 11] 00 0 0 00 0 0 0  J 017 1 1  05F         
  538  [5150100A0 018B 10] 15 1 5 00 0 A 0  J 18B 1 0  62E         
  539  [000000330 001A 01] 00 0 0 00 3 3 0  J 01A 0 1  069         
  53A  [004100000 018B 10] 00 0 4 01 0 0 0  J 18B 1 0  62E         
  53B  [006000330 00A8 00] 00 0 6 00 3 3 0  J 0A8 0 0  2A0         
  53C  [311201010 014F 51] 03 1 1 12 0 1 0  J 14F 5 1  53D CC      
  53D  [303111400 0022 33] 13 0 3 11 4 0 0  J 022 3 3  088 S3 S2   
  53E  [313201030 014F 51] 03 1 3 12 0 3 0  J 14F 5 1  53D CC      
  53F  [202311000 01D6 00] 12 0 2 13 0 0 0  J 1D6 0 0  758         
  540  [303111400 0022 33] 13 0 3 11 4 0 0  J 022 3 3  088 S3 S2   
  541  [610510040 00B1 14] 16 1 0 05 0 4 0  J 0B1 1 4  2C6    Z0   
  542  [00600033C 010B 10] 00 0 6 00 3 3 C  J 10B 1 0  42E         
  543  [666010000 018D 11] 16 6 6 00 0 0 0  J 18D 1 1  637         
  544  [003101680 0151 10] 00 0 3 11 6 8 0  J 151 1 0  546         
  545  [3031102B0 0151 51] 13 0 3 01 2 B 0  J 151 5 1  545 CC      
  546  [6106110F0 012C 04] 16 1 0 16 0 F 0  J 12C 0 4  4B0    Z0   
  547  [000000000 0000 07] 00 0 0 00 0 0 0  J 000 0 7  000    RT   
  548  [555210000 0152 10] 15 5 5 02 0 0 0  J 152 1 0  54A         
  549  [60001000F 00B3 14] 16 0 0 00 0 0 F  J 0B3 1 4  2CE    Z0   
  54A  [161310000 018F 01] 11 6 1 03 0 0 0  J 18F 0 1  63D         
  54B  [60601000A 0192 00] 16 0 6 00 0 0 A  J 192 0 0  648         
  54C  [405010004 0023 11] 14 0 5 00 0 0 4  J 023 1 1  08F         
  54D  [006000000 00B8 00] 00 0 6 00 0 0 0  J 0B8 0 0  2E0         
  54E  [003000000 00B6 00] 00 0 3 00 0 0 0  J 0B6 0 0  2D8         
  54F  [014000020 010B 10] 00 1 4 00 0 2 0  J 10B 1 0  42E         
  550  [515010080 0154 10] 15 1 5 00 0 8 0  J 154 1 0  552         
  551  [515010080 0154 11] 15 1 5 00 0 8 0  J 154 1 1  553         
  552  [004300002 0195 00] 00 0 4 03 0 0 2  J 195 0 0  654         
  553  [004300006 019D 11] 00 0 4 03 0 0 6  J 19D 1 1  677         
  554  [605010400 0029 32] 16 0 5 00 4 0 0  J 029 3 2  0A4 S3 S0   
  555  [605010400 0029 32] 16 0 5 00 4 0 0  J 029 3 2  0A4 S3 S0   
  556  [414010060 0155 00] 14 1 4 00 0 6 0  J 155 0 0  554         
  557  [414011060 0155 01] 14 1 4 10 0 6 0  J 155 0 1  555         
  558  [043101000 002C 00] 00 4 3 11 0 0 0  J 02C 0 0  0B0         
  559  [505010000 002A 04] 15 0 5 00 0 0 0  J 02A 0 4  0A8    Z0   
  55A  [003000000 0026 01] 00 0 3 00 0 0 0  J 026 0 1  099         
  55B  [00300000D 002B 00] 00 0 3 00 0 0 D  J 02B 0 0  0AC         
  55C  [616010080 0157 10] 16 1 6 00 0 8 0  J 157 1 0  55E         
  55D  [303111100 00C4 14] 13 0 3 11 1 0 0  J 0C4 1 4  312    Z0   
  55E  [303111100 00C2 14] 13 0 3 11 1 0 0  J 0C2 1 4  30A    Z0   
  55F  [616011060 0157 01] 16 1 6 10 0 6 0  J 157 0 1  55D         
  560  [303111000 00C6 04] 13 0 3 11 0 0 0  J 0C6 0 4  318    Z0   
  561  [0050105D0 0199 00] 10 0 5 00 5 D 0  J 199 0 0  664         
  562  [616011140 0158 00] 16 1 6 10 1 4 0  J 158 0 0  560         
  563  [0130000C0 00CB 00] 00 1 3 00 0 C 0  J 0CB 0 0  32C         
  564  [0000005D0 0199 11] 00 0 0 00 5 D 0  J 199 1 1  667         
  565  [6160100A0 0159 11] 16 1 6 00 0 A 0  J 159 1 1  567         
  566  [003000650 0000 07] 00 0 3 00 6 5 0  J 000 0 7  000    RT   
  567  [3030112D0 015A 50] 13 0 3 10 2 D 0  J 15A 5 0  568 CC      
  568  [0000005D0 0199 11] 00 0 0 00 5 D 0  J 199 1 1  667         
  569  [6160101A0 015A 11] 16 1 6 00 1 A 0  J 15A 1 1  56B         
  56A  [0130000C0 00CB 16] 00 1 3 00 0 C 0  J 0CB 1 6  32E    SC   
  56B  [303111100 00CC 06] 13 0 3 11 1 0 0  J 0CC 0 6  330    SC   
  56C  [0000005E0 019B 00] 00 0 0 00 5 E 0  J 19B 0 0  66C         
  56D  [3031112D0 015B 50] 13 0 3 11 2 D 0  J 15B 5 0  56C CC      
  56E  [003000000 00CE 06] 00 0 3 00 0 0 0  J 0CE 0 6  338    SC   
  56F  [616011060 015B 01] 16 1 6 10 0 6 0  J 15B 0 1  56D         
  570  [303110100 015C 50] 13 0 3 01 1 0 0  J 15C 5 0  570 CC      
  571  [60601000B 019D 00] 16 0 6 00 0 0 B  J 19D 0 0  674         
  572  [013000010 019B 11] 00 1 3 00 0 1 0  J 19B 1 1  66F         
  573  [60301040D 0030 24] 16 0 3 00 4 0 D  J 030 2 4  0C0 S1 Z0   
  574  [3031102EB 015D 20] 13 0 3 01 2 E B  J 15D 2 0  574 S1      
  575  [0000002A0 01A0 10] 00 0 0 00 2 A 0  J 1A0 1 0  682         
  576  [3061102CC 00D6 10] 13 0 6 01 2 C C  J 0D6 1 0  35A         
  577  [0130000D0 015E 10] 00 1 3 00 0 D 0  J 15E 1 0  57A         
  578  [0130000F0 01A1 00] 00 1 3 00 0 F 0  J 1A1 0 0  684         
  579  [60401000A 01A2 10] 16 0 4 00 0 0 A  J 1A2 1 0  68A         
  57A  [0044005E0 01A0 11] 00 0 4 04 5 E 0  J 1A0 1 1  683         
  57B  [404010000 00E0 14] 14 0 4 00 0 0 0  J 0E0 1 4  382    Z0   
  57C  [0000005E0 015F 31] 00 0 0 00 5 E 0  J 15F 3 1  57D S3      
  57D  [000000360 01A2 11] 00 0 0 00 3 6 0  J 1A2 1 1  68B         
  57E  [003000650 00E1 12] 00 0 3 00 6 5 0  J 0E1 1 2  386    S0   
  57F  [000000350 01A2 11] 00 0 0 00 3 5 0  J 1A2 1 1  68B         
  580  [303110100 0160 31] 13 0 3 01 1 0 0  J 160 3 1  581 S3      
  581  [000000654 0160 00] 00 0 0 00 6 5 4  J 160 0 0  580         
  582  [000000100 00E4 10] 00 0 0 00 1 0 0  J 0E4 1 0  392         
  583  [000000660 0160 10] 00 0 0 00 6 6 0  J 160 1 0  582         
  584  [016000094 01A5 01] 00 1 6 00 0 9 4  J 1A5 0 1  695         
  585  [3030102C0 0161 51] 13 0 3 00 2 C 0  J 161 5 1  585 CC      
  586  [016000020 01A5 00] 00 1 6 00 0 2 0  J 1A5 0 0  694         
  587  [0000002E0 0000 07] 00 0 0 00 2 E 0  J 000 0 7  000    RT   
  588  [003000000 0026 01] 00 0 3 00 0 0 0  J 026 0 1  099         
  589  [303110100 0162 51] 13 0 3 01 1 0 0  J 162 5 1  589 CC      
  58A  [0120000BD 01A7 00] 00 1 2 00 0 B D  J 1A7 0 0  69C         
  58B  [000000000 00F0 10] 00 0 0 00 0 0 0  J 0F0 1 0  3C2         
  58C  [3031102C0 0163 50] 13 0 3 01 2 C 0  J 163 5 0  58C CC      
  58D  [3030002E0 0163 51] 03 0 3 00 2 E 0  J 163 5 1  58D CC      
  58E  [003000660 01EA 00] 00 0 3 00 6 6 0  J 1EA 0 0  7A8         
  58F  [000000000 0163 10] 00 0 0 00 0 0 0  J 163 1 0  58E         
  590  [0122000D0 0102 00] 00 1 2 02 0 D 0  J 102 0 0  408         
  591  [01021101F 0054 22] 10 1 0 12 0 1 F  J 054 2 2  150 S1 S0   
  592  [104010000 0102 11] 11 0 4 00 0 0 0  J 102 1 1  40B         
  593  [01061101F 01AA 00] 10 1 0 16 0 1 F  J 1AA 0 0  6A8         
  594  [003000007 0054 22] 00 0 3 00 0 0 7  J 054 2 2  150 S1 S0   
  595  [016000094 01AB 01] 00 1 6 00 0 9 4  J 1AB 0 1  6AD         
  596  [003000000 01AA 00] 00 0 3 00 0 0 0  J 1AA 0 0  6A8         
  597  [016000097 01AA 11] 00 1 6 00 0 9 7  J 1AA 1 1  6AB         
  598  [343010400 01AD 10] 13 4 3 00 4 0 0  J 1AD 1 0  6B6         
  599  [2060105EB 010A 02] 12 0 6 00 5 E B  J 10A 0 2  428    S0   
  59A  [000000000 0000 07] 00 0 0 00 0 0 0  J 000 0 7  000    RT   
  59B  [405010000 0000 07] 14 0 5 00 0 0 0  J 000 0 7  000    RT   
  59C  [000000400 01AE 01] 00 0 0 00 4 0 0  J 1AE 0 1  6B9         
  59D  [3430105E0 01AE 11] 13 4 3 00 5 E 0  J 1AE 1 1  6BB         
  59E  [006000000 0000 07] 00 0 6 00 0 0 0  J 000 0 7  000    RT   
  59F  [343010000 01AF 00] 13 4 3 00 0 0 0  J 1AF 0 0  6BC         
  5A0  [303111100 0168 50] 13 0 3 11 1 0 0  J 168 5 0  5A0 CC      
  5A1  [303111000 0169 50] 13 0 3 11 0 0 0  J 169 5 0  5A4 CC      
  5A2  [000000000 0000 07] 00 0 0 00 0 0 0  J 000 0 7  000    RT   
  5A3  [216011160 0168 01] 12 1 6 10 1 6 0  J 168 0 1  5A1         
  5A4  [000000400 01AF 10] 00 0 0 00 4 0 0  J 1AF 1 0  6BE         
  5A5  [000000374 010D 00] 00 0 0 00 3 7 4  J 10D 0 0  434         
  5A6  [006000000 0000 07] 00 0 6 00 0 0 0  J 000 0 7  000    RT   
  5A7  [003000385 0068 22] 00 0 3 00 3 8 5  J 068 2 2  1A0 S1 S0   
  5A8  [616010080 016A 10] 16 1 6 00 0 8 0  J 16A 1 0  5AA         
  5A9  [343011674 01B1 00] 13 4 3 10 6 7 4  J 1B1 0 0  6C4         
  5AA  [3031112B0 01ED 00] 13 0 3 11 2 B 0  J 1ED 0 0  7B4         
  5AB  [004101620 01ED 01] 00 0 4 11 6 2 0  J 1ED 0 1  7B5         
  5AC  [013000040 01B1 01] 00 1 3 00 0 4 0  J 1B1 0 1  6C5         
  5AD  [216010080 016B 11] 12 1 6 00 0 8 0  J 16B 1 1  5AF         
  5AE  [000000000 0017 10] 00 0 0 00 0 0 0  J 017 1 0  05E         
  5AF  [3031112B0 0110 04] 13 0 3 11 2 B 0  J 110 0 4  440    Z0   
  5B0  [101111000 0069 53] 11 0 1 11 0 0 0  J 069 5 3  1A4 CC S2   
  5B1  [000000000 0184 11] 00 0 0 00 0 0 0  J 184 1 1  613         
  5B2  [404310000 016C 00] 14 0 4 03 0 0 0  J 16C 0 0  5B0         
  5B3  [000000000 0118 10] 00 0 0 00 0 0 0  J 118 1 0  462         
  5B4  [6106110E0 0118 04] 16 1 0 16 0 E 0  J 118 0 4  460    Z0   
  5B5  [006000000 011A 11] 00 0 6 00 0 0 0  J 11A 1 1  46B         
  5B6  [000000000 0184 11] 00 0 0 00 0 0 0  J 184 1 1  613         
  5B7  [014000020 010B 10] 00 1 4 00 0 2 0  J 10B 1 0  42E         
  5B8  [0150000F0 011F 10] 00 1 5 00 0 F 0  J 11F 1 0  47E         
  5B9  [606110004 01B6 00] 16 0 6 01 0 0 4  J 1B6 0 0  6D8         
  5BA  [003000000 0167 00] 00 0 3 00 0 0 0  J 167 0 0  59C         
  5BB  [006000000 01B5 11] 00 0 6 00 0 0 0  J 1B5 1 1  6D7         
  5BC  [60001000F 0071 11] 16 0 0 00 0 0 F  J 071 1 1  1C7         
  5BD  [303110720 016F 51] 13 0 3 01 7 2 0  J 16F 5 1  5BD CC      
  5BE  [0106110F0 0122 14] 10 1 0 16 0 F 0  J 122 1 4  48A    Z0   
  5BF  [00000000D 0121 06] 00 0 0 00 0 0 D  J 121 0 6  484    SC   
  5C0  [404410000 0170 50] 14 0 4 04 0 0 0  J 170 5 0  5C0 CC      
  5C1  [404410000 0170 50] 14 0 4 04 0 0 0  J 170 5 0  5C0 CC      
  5C2  [505410000 0170 51] 15 0 5 04 0 0 0  J 170 5 1  5C1 CC      
  5C3  [303410000 01B9 10] 13 0 3 04 0 0 0  J 1B9 1 0  6E6         
  5C4  [000000000 0170 00] 00 0 0 00 0 0 0  J 170 0 0  5C0         
  5C5  [404410000 01BA 00] 14 0 4 04 0 0 0  J 1BA 0 0  6E8         
  5C6  [000000650 0000 07] 00 0 0 00 6 5 0  J 000 0 7  000    RT   
  5C7  [000000650 0000 07] 00 0 0 00 6 5 0  J 000 0 7  000    RT   
  5C8  [404410A10 01BA 10] 14 0 4 04 A 1 0  J 1BA 1 0  6EA         
  5C9  [515410A10 012A 04] 15 1 5 04 A 1 0  J 12A 0 4  4A8    Z0   
  5CA  [515510010 0000 07] 15 1 5 05 0 1 0  J 000 0 7  000    RT   
  5CB  [603410000 0173 30] 16 0 3 04 0 0 0  J 173 3 0  5CC S3      
  5CC  [603010000 01B7 10] 16 0 3 00 0 0 0  J 1B7 1 0  6DE         
  5CD  [004400630 0014 10] 00 0 4 04 6 3 0  J 014 1 0  052         
  5CE  [010611080 012A 14] 10 1 0 16 0 8 0  J 12A 1 4  4AA    Z0   
  5CF  [404010610 01F9 01] 14 0 4 00 6 1 0  J 1F9 0 1  7E5         
  5D0  [566011380 013B 10] 15 6 6 10 3 8 0  J 13B 1 0  4EE         
  5D1  [000000000 012E 00] 00 0 0 00 0 0 0  J 12E 0 0  4B8         
  5D2  [0160000B0 01F9 10] 00 1 6 00 0 B 0  J 1F9 1 0  7E6         
  5D3  [000000680 012E 10] 00 0 0 00 6 8 0  J 12E 1 0  4BA         
  5D4  [303010400 01BC 00] 13 0 3 00 4 0 0  J 1BC 0 0  6F0         
  5D5  [000000350 009C 00] 00 0 0 00 3 5 0  J 09C 0 0  270         
  5D6  [006000000 01BC 00] 00 0 6 00 0 0 0  J 1BC 0 0  6F0         
  5D7  [000000360 009C 00] 00 0 0 00 3 6 0  J 09C 0 0  270         
  5D8  [000000400 01BD 01] 00 0 0 00 4 0 0  J 1BD 0 1  6F5         
  5D9  [0150000B0 01BD 10] 00 1 5 00 0 B 0  J 1BD 1 0  6F6         
  5DA  [210011010 0079 56] 12 1 0 10 0 1 0  J 079 5 6  1E4 CC SC   
  5DB  [015000080 01BD 10] 00 1 5 00 0 8 0  J 1BD 1 0  6F6         
  5DC  [0120000C0 0151 00] 00 1 2 00 0 C 0  J 151 0 0  544         
  5DD  [0160000F0 0130 11] 00 1 6 00 0 F 0  J 130 1 1  4C3         
  5DE  [006200000 007C 22] 00 0 6 02 0 0 0  J 07C 2 2  1F0 S1 S0   
  5DF  [000000000 001A 01] 00 0 0 00 0 0 0  J 01A 0 1  069         
  5E0  [303010210 0178 50] 13 0 3 00 2 1 0  J 178 5 0  5E0 CC      
  5E1  [013000070 0137 00] 00 1 3 00 0 7 0  J 137 0 0  4DC         
  5E2  [012000000 0136 00] 00 1 2 00 0 0 0  J 136 0 0  4D8         
  5E3  [012000010 0138 00] 00 1 2 00 0 1 0  J 138 0 0  4E0         
  5E4  [000000000 0137 00] 00 0 0 00 0 0 0  J 137 0 0  4DC         
  5E5  [000000000 0137 10] 00 0 0 00 0 0 0  J 137 1 0  4DE         
  5E6  [013000050 0137 10] 00 1 3 00 0 5 0  J 137 1 0  4DE         
  5E7  [505410000 01BE 10] 15 0 5 04 0 0 0  J 1BE 1 0  6FA         
  5E8  [615210084 0139 11] 16 1 5 02 0 8 4  J 139 1 1  4E7         
  5E9  [000000F20 01C1 10] 00 0 0 00 F 2 0  J 1C1 1 0  706         
  5EA  [601010400 013A 00] 16 0 1 00 4 0 0  J 13A 0 0  4E8         
  5EB  [414611080 017A 01] 14 1 4 16 0 8 0  J 17A 0 1  5E9         
  5EC  [600010F1E 017B 01] 16 0 0 00 F 1 E  J 17B 0 1  5ED         
  5ED  [000000009 017C 00] 00 0 0 00 0 0 9  J 17C 0 0  5F0         
  5EE  [60001000F 013D 00] 16 0 0 00 0 0 F  J 13D 0 0  4F4         
  5EF  [004000000 013E 10] 00 0 4 00 0 0 0  J 13E 1 0  4FA         
  5F0  [000000000 017C 60] 00 0 0 00 0 0 0  J 17C 6 0  5F0 KB      
  5F1  [000000000 017C 61] 00 0 0 00 0 0 0  J 17C 6 1  5F1 KB      
  5F2  [406010100 01FD 10] 14 0 6 00 1 0 0  J 1FD 1 0  7F6         
  5F3  [004000000 0000 07] 00 0 4 00 0 0 0  J 000 0 7  000    RT   
  5F4  [00041065F 0000 07] 10 0 0 04 6 5 F  J 000 0 7  000    RT   
  5F5  [000000000 011B 11] 00 0 0 00 0 0 0  J 11B 1 1  46F         
  5F6  [202311000 01FD 11] 12 0 2 13 0 0 0  J 1FD 1 1  7F7         
  5F7  [603010000 012F 10] 16 0 3 00 0 0 0  J 12F 1 0  4BE         
  5F8  [404111400 0080 10] 14 0 4 11 4 0 0  J 080 1 0  202         
  5F9  [202311000 01C2 01] 12 0 2 13 0 0 0  J 1C2 0 1  709         
  5FA  [206010310 01C2 10] 12 0 6 00 3 1 0  J 1C2 1 0  70A         
  5FB  [0132000C0 0082 11] 00 1 3 02 0 C 0  J 082 1 1  20B         
  5FC  [656310000 0141 51] 16 5 6 03 0 0 0  J 141 5 1  505 CC      
  5FD  [303110000 0142 51] 13 0 3 01 0 0 0  J 142 5 1  509 CC      
  5FE  [0163000E0 01C3 11] 00 1 6 03 0 E 0  J 1C3 1 1  70F         
  5FF  [666310000 01C4 00] 16 6 6 03 0 0 0  J 1C4 0 0  710         
  600  [603010610 01C4 11] 16 0 3 00 6 1 0  J 1C4 1 1  713         
  601  [010000D00 0087 00] 00 1 0 00 D 0 0  J 087 0 0  21C         
  602  [00500035D 0087 10] 00 0 5 00 3 5 D  J 087 1 0  21E         
  603  [515611010 0143 00] 15 1 5 16 0 1 0  J 143 0 0  50C         
  604  [646601340 0089 04] 06 4 6 16 3 4 0  J 089 0 4  224    Z0   
  605  [202311000 01C5 10] 12 0 2 13 0 0 0  J 1C5 1 0  716         
  606  [000000009 0144 00] 00 0 0 00 0 0 9  J 144 0 0  510         
  607  [000000370 01C6 01] 00 0 0 00 3 7 0  J 1C6 0 1  719         
  608  [605010000 01C7 11] 16 0 5 00 0 0 0  J 1C7 1 1  71F         
  609  [000000600 01C9 10] 00 0 0 00 6 0 0  J 1C9 1 0  726         
  60A  [41061101A 01CA 01] 14 1 0 16 0 1 A  J 1CA 0 1  729         
  60B  [0000002D0 01CB 01] 00 0 0 00 2 D 0  J 1CB 0 1  72D         
  60C  [406010100 01CB 10] 14 0 6 00 1 0 0  J 1CB 1 0  72E         
  60D  [6165100C0 01CC 00] 16 1 6 05 0 C 0  J 1CC 0 0  730         
  60E  [3030105B4 0146 30] 13 0 3 00 5 B 4  J 146 3 0  518 S3      
  60F  [604010400 0093 10] 16 0 4 00 4 0 0  J 093 1 0  24E         
  610  [61661003C 01CD 00] 16 1 6 06 0 3 C  J 1CD 0 0  734         
  611  [506010380 0094 10] 15 0 6 00 3 8 0  J 094 1 0  252         
  612  [010611020 0096 04] 10 1 0 16 0 2 0  J 096 0 4  258    Z0   
  613  [001000670 01CE 01] 00 0 1 00 6 7 0  J 1CE 0 1  739         
  614  [003000680 000C 33] 00 0 3 00 6 8 0  J 00C 3 3  030 S3 S2   
  615  [004100630 0185 10] 00 0 4 01 6 3 0  J 185 1 0  616         
  616  [616610080 0185 11] 16 1 6 06 0 8 0  J 185 1 1  617         
  617  [404110330 010B 10] 14 0 4 01 3 3 0  J 10B 1 0  42E         
  618  [616510070 0186 01] 16 1 6 05 0 7 0  J 186 0 1  619         
  619  [000000330 0018 33] 00 0 0 00 3 3 0  J 018 3 3  060 S3 S2   
  61A  [601010000 0026 02] 16 0 1 00 0 0 0  J 026 0 2  098    S0   
  61B  [6165100D0 0187 00] 16 1 6 05 0 D 0  J 187 0 0  61C         
  61C  [6466103D0 01CE 11] 16 4 6 06 3 D 0  J 1CE 1 1  73B         
  61D  [0041003E0 0187 10] 00 0 4 01 3 E 0  J 187 1 0  61E         
  61E  [035000000 01CF 10] 00 3 5 00 0 0 0  J 1CF 1 0  73E         
  61F  [0061002B0 01CF 11] 00 0 6 01 2 B 0  J 1CF 1 1  73F         
  620  [003000000 009B 10] 00 0 3 00 0 0 0  J 09B 1 0  26E         
  621  [3100100C0 014B 51] 13 1 0 00 0 C 0  J 14B 5 1  52D CC      
  622  [30311140D 001C 22] 13 0 3 11 4 0 D  J 01C 2 2  070 S1 S0   
  623  [303111000 01D0 01] 13 0 3 11 0 0 0  J 1D0 0 1  741         
  624  [40101000D 01B2 01] 14 0 1 00 0 0 D  J 1B2 0 1  6C9         
  625  [610010080 014C 50] 16 1 0 00 0 8 0  J 14C 5 0  530 CC      
  626  [50001000F 001D 22] 15 0 0 00 0 0 F  J 01D 2 2  074 S1 S0   
  627  [0120004A0 01D0 10] 00 1 2 00 4 A 0  J 1D0 1 0  742         
  628  [61661008D 01D0 11] 16 1 6 06 0 8 D  J 1D0 1 1  743         
  629  [000000F10 0000 07] 00 0 0 00 F 1 0  J 000 0 7  000    RT   
  62A  [06600169C 014D 51] 00 6 6 10 6 9 C  J 14D 5 1  535 CC      
  62B  [0160000A0 01D1 11] 00 1 6 00 0 A 0  J 1D1 1 1  747         
  62C  [0000003D0 016D 01] 00 0 0 00 3 D 0  J 16D 0 1  5B5         
  62D  [515010060 014E 50] 15 1 5 00 0 6 0  J 14E 5 0  538 CC      
  62E  [0120000E0 019D 11] 00 1 2 00 0 E 0  J 19D 1 1  677         
  62F  [5060103A0 01D2 01] 15 0 6 00 3 A 0  J 1D2 0 1  749         
  630  [502010000 01D3 00] 15 0 2 00 0 0 0  J 1D3 0 0  74C         
  631  [303111000 01D3 10] 13 0 3 11 0 0 0  J 1D3 1 0  74E         
  632  [616610010 00A9 10] 16 1 6 06 0 1 0  J 0A9 1 0  2A6         
  633  [003101330 01D4 10] 00 0 3 11 3 3 0  J 1D4 1 0  752         
  634  [000000670 01D5 00] 00 0 0 00 6 7 0  J 1D5 0 0  754         
  635  [0011016B0 00AE 00] 00 0 1 11 6 B 0  J 0AE 0 0  2B8         
  636  [303110100 00AF 22] 13 0 3 01 1 0 0  J 0AF 2 2  2BC S1 S0   
  637  [663010630 0000 07] 16 6 3 00 6 3 0  J 000 0 7  000    RT   
  638  [616510050 018D 10] 16 1 6 05 0 5 0  J 18D 1 0  636         
  639  [303110400 00B0 22] 13 0 3 01 4 0 0  J 0B0 2 2  2C0 S1 S0   
  63A  [606010000 00B2 14] 16 0 6 00 0 0 0  J 0B2 1 4  2CA    Z0   
  63B  [004000000 010B 10] 00 0 4 00 0 0 0  J 10B 1 0  42E         
  63C  [61051004F 01B3 00] 16 1 0 05 0 4 F  J 1B3 0 0  6CC         
  63D  [444310620 0190 01] 14 4 4 03 6 2 0  J 190 0 1  641         
  63E  [105010610 018F 11] 11 0 5 00 6 1 0  J 18F 1 1  63F         
  63F  [656311310 01D6 11] 16 5 6 13 3 1 0  J 1D6 1 1  75B         
  640  [006101000 0151 01] 00 0 6 11 0 0 0  J 151 0 1  545         
  641  [656211300 018F 10] 16 5 6 12 3 0 0  J 18F 1 0  63E         
  642  [605010640 01D7 01] 16 0 5 00 6 4 0  J 1D7 0 1  75D         
  643  [0060002D0 00B4 02] 00 0 6 00 2 D 0  J 0B4 0 2  2D0    S0   
  644  [003100340 01D7 10] 00 0 3 01 3 4 0  J 1D7 1 0  75E         
  645  [6106110D0 00B5 04] 16 1 0 16 0 D 0  J 0B5 0 4  2D4    Z0   
  646  [3030102C0 00B6 04] 13 0 3 00 2 C 0  J 0B6 0 4  2D8    Z0   
  647  [604010000 01D7 11] 16 0 4 00 0 0 0  J 1D7 1 1  75F         
  648  [003000000 00B6 12] 00 0 3 00 0 0 0  J 0B6 1 2  2DA    S0   
  649  [60001064F 0192 10] 16 0 0 00 6 4 F  J 192 1 0  64A         
  64A  [004100000 00B7 03] 00 0 4 01 0 0 0  J 0B7 0 3  2DC    S2   
  64B  [303110000 00B9 04] 13 0 3 01 0 0 0  J 0B9 0 4  2E4    Z0   
  64C  [0000002C0 0025 00] 00 0 0 00 2 C 0  J 025 0 0  094         
  64D  [001000000 01D8 01] 00 0 1 00 0 0 0  J 1D8 0 1  761         
  64E  [6002110D0 00BB 04] 16 0 0 12 0 D 0  J 0BB 0 4  2EC    Z0   
  64F  [0000002D0 00BB 11] 00 0 0 00 2 D 0  J 0BB 1 1  2EF         
  650  [1040105D0 01D8 10] 11 0 4 00 5 D 0  J 1D8 1 0  762         
  651  [4060102D0 01D8 11] 14 0 6 00 2 D 0  J 1D8 1 1  763         
  652  [505111000 00BC 01] 15 0 5 11 0 0 0  J 0BC 0 1  2F1         
  653  [6062110F0 00BD 14] 16 0 6 12 0 F 0  J 0BD 1 4  2F6    Z0   
  654  [5106110D0 00BE 04] 15 1 0 16 0 D 0  J 0BE 0 4  2F8    Z0   
  655  [000000400 01D9 00] 00 0 0 00 4 0 0  J 1D9 0 0  764         
  656  [604010000 01D9 01] 16 0 4 00 0 0 0  J 1D9 0 1  765         
  657  [303110100 0026 50] 13 0 3 01 1 0 0  J 026 5 0  098 CC      
  658  [3031102E0 0026 51] 13 0 3 01 2 E 0  J 026 5 1  099 CC      
  659  [60601000B 01DA 10] 16 0 6 00 0 0 B  J 1DA 1 0  76A         
  65A  [60601000B 01DB 00] 16 0 6 00 0 0 B  J 1DB 0 0  76C         
  65B  [604010400 01DC 00] 16 0 4 00 4 0 0  J 1DC 0 0  770         
  65C  [60601000B 01DC 11] 16 0 6 00 0 0 B  J 1DC 1 1  773         
  65D  [614010440 01DD 01] 16 1 4 00 4 4 0  J 1DD 0 1  775         
  65E  [000000400 01DD 10] 00 0 0 00 4 0 0  J 1DD 1 0  776         
  65F  [604010400 01DE 10] 16 0 4 00 4 0 0  J 1DE 1 0  77A         
  660  [066301100 0158 50] 00 6 6 13 1 0 0  J 158 5 0  560 CC      
  661  [616611110 00C5 10] 16 1 6 16 1 1 0  J 0C5 1 0  316         
  662  [604010400 002E 01] 16 0 4 00 4 0 0  J 02E 0 1  0B9         
  663  [003000350 01DE 11] 00 0 3 00 3 5 0  J 1DE 1 1  77B         
  664  [60001000F 01DF 00] 16 0 0 00 0 0 F  J 1DF 0 0  77C         
  665  [60001000F 01DF 10] 16 0 0 00 0 0 F  J 1DF 1 0  77E         
  666  [303111000 00CB 04] 13 0 3 11 0 0 0  J 0CB 0 4  32C    Z0   
  667  [6450105C0 01DF 11] 16 4 5 00 5 C 0  J 1DF 1 1  77F         
  668  [616310040 015A 51] 16 1 6 03 0 4 0  J 15A 5 1  569 CC      
  669  [0031002E0 01E0 00] 00 0 3 01 2 E 0  J 1E0 0 0  780         
  66A  [3031102D0 00CD 04] 13 0 3 01 2 D 0  J 0CD 0 4  334    Z0   
  66B  [60611135D 00CD 14] 16 0 6 11 3 5 D  J 0CD 1 4  336    Z0   
  66C  [6050105D0 01E0 10] 16 0 5 00 5 D 0  J 1E0 1 0  782         
  66D  [014000060 00CE 10] 00 1 4 00 0 6 0  J 0CE 1 0  33A         
  66E  [006000000 015C 00] 00 0 6 00 0 0 0  J 15C 0 0  570         
  66F  [016000110 0000 07] 00 1 6 00 1 1 0  J 000 0 7  000    RT   
  670  [0040003D0 010B 10] 00 0 4 00 3 D 0  J 10B 1 0  42E         
  671  [61051004B 01E0 11] 16 1 0 05 0 4 B  J 1E0 1 1  783         
  672  [3106110D0 00D3 14] 13 1 0 16 0 D 0  J 0D3 1 4  34E    Z0   
  673  [0130000DD 019D 00] 00 1 3 00 0 D D  J 19D 0 0  674         
  674  [303110404 015C 31] 13 0 3 01 4 0 4  J 15C 3 1  571 S3      
  675  [460011000 0031 53] 14 6 0 10 0 0 0  J 031 5 3  0C4 CC S2   
  676  [003000000 00D5 00] 00 0 3 00 0 0 0  J 0D5 0 0  354         
  677  [0132000D7 01E1 00] 00 1 3 02 0 D 7  J 1E1 0 0  784         
  678  [656310000 0033 53] 16 5 6 03 0 0 0  J 033 5 3  0CC CC S2   
  679  [0130000E0 0032 30] 00 1 3 00 0 E 0  J 032 3 0  0C8 S3      
  67A  [656311000 0034 53] 16 5 6 13 0 0 0  J 034 5 3  0D0 CC S2   
  67B  [0132000F7 019F 00] 00 1 3 02 0 F 7  J 19F 0 0  67C         
  67C  [000000400 01E1 10] 00 0 0 00 4 0 0  J 1E1 1 0  786         
  67D  [666310000 01E1 11] 16 6 6 03 0 0 0  J 1E1 1 1  787         
  67E  [606010004 0036 34] 16 0 6 00 0 0 4  J 036 3 4  0D8 S3 Z0   
  67F  [0060002E0 01A0 00] 00 0 6 00 2 E 0  J 1A0 0 0  680         
  680  [303110000 0036 01] 13 0 3 01 0 0 0  J 036 0 1  0D9         
  681  [003000000 015D 01] 00 0 3 00 0 0 0  J 15D 0 1  575         
  682  [0000002D0 01E2 01] 00 0 0 00 2 D 0  J 1E2 0 1  789         
  683  [605010000 01E2 10] 16 0 5 00 0 0 0  J 1E2 1 0  78A         
  684  [0061002D0 00D8 00] 00 0 6 01 2 D 0  J 0D8 0 0  360         
  685  [00420000C 005F 11] 00 0 4 02 0 0 C  J 05F 1 1  17F         
  686  [40001000F 0037 24] 14 0 0 00 0 0 F  J 037 2 4  0DC S1 Z0   
  687  [604010390 01E4 00] 16 0 4 00 3 9 0  J 1E4 0 0  790         
  688  [0120005E0 01E4 10] 00 1 2 00 5 E 0  J 1E4 1 0  792         
  689  [2000100EC 015E 51] 12 0 0 00 0 E C  J 15E 5 1  579 CC      
  68A  [603110000 015F 00] 16 0 3 01 0 0 0  J 15F 0 0  57C         
  68B  [0060002E0 01E5 11] 00 0 6 00 2 E 0  J 1E5 1 1  797         
  68C  [604010000 01E6 00] 16 0 4 00 0 0 0  J 1E6 0 0  798         
  68D  [604010000 00E2 14] 16 0 4 00 0 0 0  J 0E2 1 4  38A    Z0   
  68E  [00600000D 0160 00] 00 0 6 00 0 0 D  J 160 0 0  580         
  68F  [606010000 00E5 04] 16 0 6 00 0 0 0  J 0E5 0 4  394    Z0   
  690  [3031112E0 0040 33] 13 0 3 11 2 E 0  J 040 3 3  100 S3 S2   
  691  [3031112E0 0041 33] 13 0 3 11 2 E 0  J 041 3 3  104 S3 S2   
  692  [3031112E0 0044 33] 13 0 3 11 2 E 0  J 044 3 3  110 S3 S2   
  693  [3031112E0 0047 33] 13 0 3 11 2 E 0  J 047 3 3  11C S3 S2   
  694  [3031112E4 003E 11] 13 0 3 11 2 E 4  J 03E 1 1  0FB         
  695  [3031112E0 0161 30] 13 0 3 11 2 E 0  J 161 3 0  584 S3      
  696  [3031102E0 004C 33] 13 0 3 01 2 E 0  J 04C 3 3  130 S3 S2   
  697  [3031102E0 004D 33] 13 0 3 01 2 E 0  J 04D 3 3  134 S3 S2   
  698  [3031102E0 004E 33] 13 0 3 01 2 E 0  J 04E 3 3  138 S3 S2   
  699  [006000000 0161 01] 00 0 6 00 0 0 0  J 161 0 1  585         
  69A  [3031102C0 00EC 04] 13 0 3 01 2 C 0  J 0EC 0 4  3B0    Z0   
  69B  [630510000 00ED 14] 16 3 0 05 0 0 0  J 0ED 1 4  3B6    Z0   
  69C  [003000000 01E8 10] 00 0 3 00 0 0 0  J 1E8 1 0  7A2         
  69D  [003000003 01A8 00] 00 0 3 00 0 0 3  J 1A8 0 0  6A0         
  69E  [0130000D0 01E9 11] 00 1 3 00 0 D 0  J 1E9 1 1  7A7         
  69F  [000000680 01EA 10] 00 0 0 00 6 8 0  J 1EA 1 0  7AA         
  6A0  [006000360 01A8 01] 00 0 6 00 3 6 0  J 1A8 0 1  6A1         
  6A1  [3031115E0 004F 32] 13 0 3 11 5 E 0  J 04F 3 2  13C S3 S0   
  6A2  [600510010 00FA 14] 16 0 0 05 0 1 0  J 0FA 1 4  3EA    Z0   
  6A3  [003000000 019B 10] 00 0 3 00 0 0 0  J 19B 1 0  66E         
  6A4  [01051003F 0103 00] 10 1 0 05 0 3 F  J 103 0 0  40C         
  6A5  [4100100B0 0164 51] 14 1 0 00 0 B 0  J 164 5 1  591 CC      
  6A6  [0120000C0 0103 16] 00 1 2 00 0 C 0  J 103 1 6  40E    SC   
  6A7  [40001000F 0103 10] 14 0 0 00 0 0 F  J 103 1 0  40E         
  6A8  [006000000 0107 10] 00 0 6 00 0 0 0  J 107 1 0  41E         
  6A9  [0064002E0 0166 01] 00 0 6 04 2 E 0  J 166 0 1  599         
  6AA  [3031112E0 0056 33] 13 0 3 11 2 E 0  J 056 3 3  158 S3 S2   
  6AB  [3031112E0 0057 33] 13 0 3 11 2 E 0  J 057 3 3  15C S3 S2   
  6AC  [3031112E0 005A 33] 13 0 3 11 2 E 0  J 05A 3 3  168 S3 S2   
  6AD  [3031112E0 0165 31] 13 0 3 11 2 E 0  J 165 3 1  595 S3      
  6AE  [3031102E0 005E 33] 13 0 3 01 2 E 0  J 05E 3 3  178 S3 S2   
  6AF  [3031102E0 005F 33] 13 0 3 01 2 E 0  J 05F 3 3  17C S3 S2   
  6B0  [3031102E0 0060 33] 13 0 3 01 2 E 0  J 060 3 3  180 S3 S2   
  6B1  [3031102E0 0061 33] 13 0 3 01 2 E 0  J 061 3 3  184 S3 S2   
  6B2  [3031102E0 0062 33] 13 0 3 01 2 E 0  J 062 3 3  188 S3 S2   
  6B3  [3031102E0 0063 33] 13 0 3 01 2 E 0  J 063 3 3  18C S3 S2   
  6B4  [3031102E0 0064 33] 13 0 3 01 2 E 0  J 064 3 3  190 S3 S2   
  6B5  [003000000 01EB 01] 00 0 3 00 0 0 0  J 1EB 0 1  7AD         
  6B6  [3431112E0 0166 50] 13 4 3 11 2 E 0  J 166 5 0  598 CC      
  6B7  [656311000 0065 52] 16 5 6 13 0 0 0  J 065 5 2  194 CC S0   
  6B8  [656310000 0065 52] 16 5 6 03 0 0 0  J 065 5 2  194 CC S0   
  6B9  [303110290 0167 50] 13 0 3 01 2 9 0  J 167 5 0  59C CC      
  6BA  [404010000 010A 14] 14 0 4 00 0 0 0  J 10A 1 4  42A    Z0   
  6BB  [343111100 0167 51] 13 4 3 11 1 0 0  J 167 5 1  59D CC      
  6BC  [006000000 0168 00] 00 0 6 00 0 0 0  J 168 0 0  5A0         
  6BD  [0132000F0 0169 00] 00 1 3 02 0 F 0  J 169 0 0  5A4         
  6BE  [066301100 0168 51] 00 6 6 13 1 0 0  J 168 5 1  5A1 CC      
  6BF  [006000000 010B 00] 00 0 6 00 0 0 0  J 10B 0 0  42C         
  6C0  [01620005D 01EB 11] 00 1 6 02 0 5 D  J 1EB 1 1  7AF         
  6C1  [61000001F 0067 10] 06 1 0 00 0 1 F  J 067 1 0  19E         
  6C2  [000000000 0068 12] 00 0 0 00 0 0 0  J 068 1 2  1A2    S0   
  6C3  [016000060 010D 10] 00 1 6 00 0 6 0  J 10D 1 0  436         
  6C4  [616200040 016A 50] 06 1 6 02 0 4 0  J 16A 5 0  5A8 CC      
  6C5  [006000000 010F 00] 00 0 6 00 0 0 0  J 10F 0 0  43C         
  6C6  [555210000 01EE 00] 15 5 5 02 0 0 0  J 1EE 0 0  7B8         
  6C7  [614010060 01EF 00] 16 1 4 00 0 6 0  J 1EF 0 0  7BC         
  6C8  [0000005B0 01EF 01] 00 0 0 00 5 B 0  J 1EF 0 1  7BD         
  6C9  [004000000 01EF 10] 00 0 4 00 0 0 0  J 1EF 1 0  7BE         
  6CA  [606310000 016C 50] 16 0 6 03 0 0 0  J 16C 5 0  5B0 CC      
  6CB  [616310060 016C 50] 16 1 6 03 0 6 0  J 16C 5 0  5B0 CC      
  6CC  [40011000B 01EF 11] 14 0 0 01 0 0 B  J 1EF 1 1  7BF         
  6CD  [41051002B 01F2 00] 14 1 0 05 0 2 B  J 1F2 0 0  7C8         
  6CE  [000000000 006A 33] 00 0 0 00 0 0 0  J 06A 3 3  1A8 S3 S2   
  6CF  [01061100F 006A 00] 10 1 0 16 0 0 F  J 06A 0 0  1A8         
  6D0  [41051002B 01F2 10] 14 1 0 05 0 2 B  J 1F2 1 0  7CA         
  6D1  [000000000 006B 33] 00 0 0 00 0 0 0  J 06B 3 3  1AC S3 S2   
  6D2  [0000005D0 01F3 01] 00 0 0 00 5 D 0  J 1F3 0 1  7CD         
  6D3  [6000105EA 01F5 01] 16 0 0 00 5 E A  J 1F5 0 1  7D5         
  6D4  [544011000 01B5 01] 15 4 4 10 0 0 0  J 1B5 0 1  6D5         
  6D5  [0000006E0 01F5 11] 00 0 0 00 6 E 0  J 1F5 1 1  7D7         
  6D6  [003100670 01F6 00] 00 0 3 01 6 7 0  J 1F6 0 0  7D8         
  6D7  [302010220 006F 33] 13 0 2 00 2 2 0  J 06F 3 3  1BC S3 S2   
  6D8  [302010233 016E 31] 13 0 2 00 2 3 3  J 16E 3 1  5B9 S3      
  6D9  [001000000 0121 00] 00 0 1 00 0 0 0  J 121 0 0  484         
  6DA  [005000000 0121 11] 00 0 5 00 0 0 0  J 121 1 1  487         
  6DB  [000000C80 01F6 01] 00 0 0 00 C 8 0  J 1F6 0 1  7D9         
  6DC  [00000072D 0121 06] 00 0 0 00 7 2 D  J 121 0 6  484    SC   
  6DD  [005000000 0000 07] 00 0 5 00 0 0 0  J 000 0 7  000    RT   
  6DE  [005000D0D 0128 10] 00 0 5 00 D 0 D  J 128 1 0  4A2         
  6DF  [006000350 0125 10] 00 0 6 00 3 5 0  J 125 1 0  496         
  6E0  [050201640 01F6 10] 00 5 0 12 6 4 0  J 1F6 1 0  7DA         
  6E1  [202311004 01F7 01] 12 0 2 13 0 0 4  J 1F7 0 1  7DD         
  6E2  [00200000C 0128 10] 00 0 2 00 0 0 C  J 128 1 0  4A2         
  6E3  [005000350 01BA 11] 00 0 5 00 3 5 0  J 1BA 1 1  6EB         
  6E4  [002000000 0125 11] 00 0 2 00 0 0 0  J 125 1 1  497         
  6E5  [004000000 01F7 10] 00 0 4 00 0 0 0  J 1F7 1 0  7DE         
  6E6  [0003105CF 0171 50] 10 0 0 03 5 C F  J 171 5 0  5C4 CC      
  6E7  [016000BA0 01F7 11] 00 1 6 00 B A 0  J 1F7 1 1  7DF         
  6E8  [606310000 0171 51] 16 0 6 03 0 0 0  J 171 5 1  5C5 CC      
  6E9  [014000A20 0172 00] 00 1 4 00 A 2 0  J 172 0 0  5C8         
  6EA  [606310A10 0172 50] 16 0 6 03 A 1 0  J 172 5 0  5C8 CC      
  6EB  [306010000 01F8 00] 13 0 6 00 0 0 0  J 1F8 0 0  7E0         
  6EC  [404310A00 0172 51] 14 0 4 03 A 0 0  J 172 5 1  5C9 CC      
  6ED  [6064113A0 01F8 11] 16 0 6 14 3 A 0  J 1F8 1 1  7E3         
  6EE  [306110350 011B 11] 13 0 6 01 3 5 0  J 11B 1 1  46F         
  6EF  [603010000 012F 10] 16 0 3 00 0 0 0  J 12F 1 0  4BE         
  6F0  [005000000 0130 11] 00 0 5 00 0 0 0  J 130 1 1  4C3         
  6F1  [606111380 0130 04] 16 0 6 11 3 8 0  J 130 0 4  4C0    Z0   
  6F2  [60601000A 0133 00] 16 0 6 00 0 0 A  J 133 0 0  4CC         
  6F3  [001000000 01FA 11] 00 0 1 00 0 0 0  J 1FA 1 1  7EB         
  6F4  [303110100 01FB 01] 13 0 3 01 1 0 0  J 1FB 0 1  7ED         
  6F5  [606311100 01FC 00] 16 0 6 13 1 0 0  J 1FC 0 0  7F0         
  6F6  [000000F10 0133 00] 00 0 0 00 F 1 0  J 133 0 0  4CC         
  6F7  [60001000F 0134 00] 16 0 0 00 0 0 F  J 134 0 0  4D0         
  6F8  [6040105E0 01FC 01] 16 0 4 00 5 E 0  J 1FC 0 1  7F1         
  6F9  [343011400 0136 14] 13 4 3 10 4 0 0  J 136 1 4  4DA    Z0   
  6FA  [404310000 0178 51] 14 0 4 03 0 0 0  J 178 5 1  5E1 CC      
  6FB  [6040105D0 01FD 01] 16 0 4 00 5 D 0  J 1FD 0 1  7F5         
  6FC  [006101350 013C 03] 00 0 6 11 3 5 0  J 13C 0 3  4F0    S2   
  6FD  [016000080 01C0 10] 00 1 6 00 0 8 0  J 1C0 1 0  702         
  6FE  [006101000 01C0 10] 00 0 6 11 0 0 0  J 1C0 1 0  702         
  6FF  [0160000E0 01C0 11] 00 1 6 00 0 E 0  J 1C0 1 1  703         
  700  [016000080 01C0 11] 00 1 6 00 0 8 0  J 1C0 1 1  703         
  701  [006000000 01C0 11] 00 0 6 00 0 0 0  J 1C0 1 1  703         
  702  [000000360 017A 31] 00 0 0 00 3 6 0  J 17A 3 1  5E9 S3      
  703  [000000350 017A 31] 00 0 0 00 3 5 0  J 17A 3 1  5E9 S3      
  704  [603010660 017B 30] 16 0 3 00 6 6 0  J 17B 3 0  5EC S3      
  705  [604010400 013D 10] 16 0 4 00 4 0 0  J 13D 1 0  4F6         
  706  [000000009 017C 01] 00 0 0 00 0 0 9  J 17C 0 1  5F1         
  707  [301411000 017D 50] 13 0 1 14 0 0 0  J 17D 5 0  5F4 CC      
  708  [000000400 0081 00] 00 0 0 00 4 0 0  J 081 0 0  204         
  709  [101311000 0140 51] 11 0 1 13 0 0 0  J 140 5 1  501 CC      
  70A  [106010300 01C2 11] 11 0 6 00 3 0 0  J 1C2 1 1  70B         
  70B  [006100340 01C3 00] 00 0 6 01 3 4 0  J 1C3 0 0  70C         
  70C  [003100000 0082 00] 00 0 3 01 0 0 0  J 082 0 0  208         
  70D  [306010320 01C3 10] 13 0 6 00 3 2 0  J 1C3 1 0  70E         
  70E  [10601030D 010B 10] 11 0 6 00 3 0 D  J 10B 1 0  42E         
  70F  [01430003D 0085 10] 00 1 4 03 0 3 D  J 085 1 0  216         
  710  [444310000 01C4 01] 14 4 4 03 0 0 0  J 1C4 0 1  711         
  711  [153211000 01C4 10] 11 5 3 12 0 0 0  J 1C4 1 0  712         
  712  [012000060 0086 00] 00 1 2 00 0 6 0  J 086 0 0  218         
  713  [602311600 01C5 00] 16 0 2 13 6 0 0  J 1C5 0 0  714         
  714  [601311000 0086 13] 16 0 1 13 0 0 0  J 086 1 3  21A    S2   
  715  [6106114E0 0089 14] 16 1 0 16 4 E 0  J 089 1 4  226    Z0   
  716  [101311000 0143 51] 11 0 1 13 0 0 0  J 143 5 1  50D CC      
  717  [506010380 01C6 00] 15 0 6 00 3 8 0  J 1C6 0 0  718         
  718  [01600003D 0019 00] 00 1 6 00 0 3 D  J 019 0 0  064         
  719  [406010100 01C6 10] 14 0 6 00 1 0 0  J 1C6 1 0  71A         
  71A  [303111000 01C6 11] 13 0 3 11 0 0 0  J 1C6 1 1  71B         
  71B  [000000400 01C7 00] 00 0 0 00 4 0 0  J 1C7 0 0  71C         
  71C  [604010000 01C7 01] 16 0 4 00 0 0 0  J 1C7 0 1  71D         
  71D  [506010100 01C7 10] 15 0 6 00 1 0 0  J 1C7 1 0  71E         
  71E  [405010670 0144 21] 14 0 5 00 6 7 0  J 144 2 1  511 S1      
  71F  [313210030 01C8 00] 13 1 3 02 0 3 0  J 1C8 0 0  720         
  720  [202310000 01C8 01] 12 0 2 03 0 0 0  J 1C8 0 1  721         
  721  [101310000 01C8 10] 11 0 1 03 0 0 0  J 1C8 1 0  722         
  722  [406010100 01C8 11] 14 0 6 00 1 0 0  J 1C8 1 1  723         
  723  [303411000 01C9 00] 13 0 3 14 0 0 0  J 1C9 0 0  724         
  724  [506010100 01C9 01] 15 0 6 00 1 0 0  J 1C9 0 1  725         
  725  [313211030 008C 10] 13 1 3 12 0 3 0  J 08C 1 0  232         
  726  [601010610 01C9 11] 16 0 1 00 6 1 0  J 1C9 1 1  727         
  727  [602010620 01CA 00] 16 0 2 00 6 2 0  J 1CA 0 0  728         
  728  [603010000 0000 07] 16 0 3 00 0 0 0  J 000 0 7  000    RT   
  729  [5106110EA 01CA 10] 15 1 0 16 0 E A  J 1CA 1 0  72A         
  72A  [01061102B 01CA 11] 10 1 0 16 0 2 B  J 1CA 1 1  72B         
  72B  [202311000 01CB 00] 12 0 2 13 0 0 0  J 1CB 0 0  72C         
  72C  [101311000 0002 14] 11 0 1 13 0 0 0  J 002 1 4  00A    Z0   
  72D  [3031102C0 008E 04] 13 0 3 01 2 C 0  J 08E 0 4  238    Z0   
  72E  [303110000 01CB 11] 13 0 3 01 0 0 0  J 1CB 1 1  72F         
  72F  [3106110D0 0091 14] 13 1 0 16 0 D 0  J 091 1 4  246    Z0   
  730  [024000330 01CC 01] 00 2 4 00 3 3 0  J 1CC 0 1  731         
  731  [4145100E0 0092 00] 14 1 4 05 0 E 0  J 092 0 0  248         
  732  [0106110A0 0093 04] 10 1 0 16 0 A 0  J 093 0 4  24C    Z0   
  733  [303110000 000A 33] 13 0 3 01 0 0 0  J 00A 3 3  028 S3 S2   
  734  [610510040 0094 04] 16 1 0 05 0 4 0  J 094 0 4  250    Z0   
  735  [610510080 0095 04] 16 1 0 05 0 8 0  J 095 0 4  254    Z0   
  736  [6145100E0 01CD 11] 16 1 4 05 0 E 0  J 1CD 1 1  737         
  737  [41061108B 01CE 00] 14 1 0 16 0 8 B  J 1CE 0 0  738         
  738  [606010680 0095 14] 16 0 6 00 6 8 0  J 095 1 4  256    Z0   
  739  [001000670 0096 10] 00 0 1 00 6 7 0  J 096 1 0  25A         
  73A  [004100000 0010 33] 00 0 4 01 0 0 0  J 010 3 3  040 S3 S2   
  73B  [000000670 01CF 00] 00 0 0 00 6 7 0  J 1CF 0 0  73C         
  73C  [604010680 01CF 01] 16 0 4 00 6 8 0  J 1CF 0 1  73D         
  73D  [605010630 014A 31] 16 0 5 00 6 3 0  J 14A 3 1  529 S3      
  73E  [510510020 0099 04] 15 1 0 05 0 2 0  J 099 0 4  264    Z0   
  73F  [006000000 01D0 00] 00 0 6 00 0 0 0  J 1D0 0 0  740         
  740  [013000040 011B 00] 00 1 3 00 0 4 0  J 11B 0 0  46C         
  741  [604010400 009C 12] 16 0 4 00 4 0 0  J 09C 1 2  272    S0   
  742  [303110280 009F 04] 13 0 3 01 2 8 0  J 09F 0 4  27C    Z0   
  743  [41061100B 01D1 00] 14 1 0 16 0 0 B  J 1D1 0 0  744         
  744  [51061100A 00A0 10] 15 1 0 16 0 0 A  J 0A0 1 0  282         
  745  [614510030 01D1 10] 16 1 4 05 0 3 0  J 1D1 1 0  746         
  746  [000000F10 001A 01] 00 0 0 00 F 1 0  J 01A 0 1  069         
  747  [5305103CA 01D2 00] 15 3 0 05 3 C A  J 1D2 0 0  748         
  748  [0001116D0 00A3 04] 10 0 0 11 6 D 0  J 0A3 0 4  28C    Z0   
  749  [0000006D0 01D2 10] 00 0 0 00 6 D 0  J 1D2 1 0  74A         
  74A  [616610040 01D2 11] 16 1 6 06 0 4 0  J 1D2 1 1  74B         
  74B  [0000003D0 012A 11] 00 0 0 00 3 D 0  J 12A 1 1  4AB         
  74C  [003101650 01D3 01] 00 0 3 11 6 5 0  J 1D3 0 1  74D         
  74D  [616611080 00A6 14] 16 1 6 16 0 8 0  J 0A6 1 4  29A    Z0   
  74E  [506010100 000A 11] 15 0 6 00 1 0 0  J 00A 1 1  02B         
  74F  [001101000 00A8 10] 00 0 1 11 0 0 0  J 0A8 1 0  2A2         
  750  [0000003E0 00A9 00] 00 0 0 00 3 E 0  J 0A9 0 0  2A4         
  751  [012000060 018D 00] 00 1 2 00 0 6 0  J 18D 0 0  634         
  752  [0110000F0 01D4 11] 00 1 1 00 0 F 0  J 1D4 1 1  753         
  753  [0120000F0 018D 00] 00 1 2 00 0 F 0  J 18D 0 0  634         
  754  [604010680 01D5 01] 16 0 4 00 6 8 0  J 1D5 0 1  755         
  755  [605010000 014F 01] 16 0 5 00 0 0 0  J 14F 0 1  53D         
  756  [206010310 01D5 11] 12 0 6 00 3 1 0  J 1D5 1 1  757         
  757  [106010300 001A 01] 11 0 6 00 3 0 0  J 01A 0 1  069         
  758  [101311000 0150 50] 11 0 1 13 0 0 0  J 150 5 0  540 CC      
  759  [313010030 01D6 10] 13 1 3 00 0 3 0  J 1D6 1 0  75A         
  75A  [506010100 0150 01] 15 0 6 00 1 0 0  J 150 0 1  541         
  75B  [000000600 01D7 00] 00 0 0 00 6 0 0  J 1D7 0 0  75C         
  75C  [646311300 018E 11] 16 4 6 13 3 0 0  J 18E 1 1  63B         
  75D  [600110000 00B3 04] 16 0 0 01 0 0 0  J 0B3 0 4  2CC    Z0   
  75E  [0160000F0 00B4 10] 00 1 6 00 0 F 0  J 0B4 1 0  2D2         
  75F  [5060102D0 01D8 00] 15 0 6 00 2 D 0  J 1D8 0 0  760         
  760  [303111000 0153 30] 13 0 3 11 0 0 0  J 153 3 0  54C S3      
  761  [606010000 00BA 14] 16 0 6 00 0 0 0  J 0BA 1 4  2EA    Z0   
  762  [610611080 00BC 14] 16 1 0 16 0 8 0  J 0BC 1 4  2F2    Z0   
  763  [303111000 0194 00] 13 0 3 11 0 0 0  J 194 0 0  650         
  764  [3106110C0 00BF 14] 13 1 0 16 0 C 0  J 0BF 1 4  2FE    Z0   
  765  [006000100 01D9 10] 00 0 6 00 1 0 0  J 1D9 1 0  766         
  766  [353011000 01D9 11] 13 5 3 10 0 0 0  J 1D9 1 1  767         
  767  [406010100 01DA 00] 14 0 6 00 1 0 0  J 1DA 0 0  768         
  768  [353110000 01DA 01] 13 5 3 01 0 0 0  J 1DA 0 1  769         
  769  [3106110D0 00C0 14] 13 1 0 16 0 D 0  J 0C0 1 4  302    Z0   
  76A  [0130004D0 01DA 11] 00 1 3 00 4 D 0  J 1DA 1 1  76B         
  76B  [60601000D 0027 24] 16 0 6 00 0 0 D  J 027 2 4  09C S1 Z0   
  76C  [003101400 01DB 01] 00 0 3 11 4 0 0  J 1DB 0 1  76D         
  76D  [6060105CA 01DB 10] 16 0 6 00 5 C A  J 1DB 1 0  76E         
  76E  [604010400 01DB 11] 16 0 4 00 4 0 0  J 1DB 1 1  76F         
  76F  [303111000 0028 22] 13 0 3 11 0 0 0  J 028 2 2  0A0 S1 S0   
  770  [0000002E0 01DC 01] 00 0 0 00 2 E 0  J 1DC 0 1  771         
  771  [406010100 01DC 10] 14 0 6 00 1 0 0  J 1DC 1 0  772         
  772  [303110000 002B 34] 13 0 3 01 0 0 0  J 02B 3 4  0AC S3 Z0   
  773  [0132004C0 01DD 00] 00 1 3 02 4 C 0  J 1DD 0 0  774         
  774  [60601000A 002D 24] 16 0 6 00 0 0 A  J 02D 2 4  0B4 S1 Z0   
  775  [466310000 0157 50] 14 6 6 03 0 0 0  J 157 5 0  55C CC      
  776  [605010000 01DD 11] 16 0 5 00 0 0 0  J 1DD 1 1  777         
  777  [406010000 01DE 00] 14 0 6 00 0 0 0  J 1DE 0 0  778         
  778  [504010100 01DE 01] 15 0 4 00 1 0 0  J 1DE 0 1  779         
  779  [3106110C0 00C3 14] 13 1 0 16 0 C 0  J 0C3 1 4  30E    Z0   
  77A  [646311000 0157 51] 16 4 6 13 0 0 0  J 157 5 1  55D CC      
  77B  [0060002E0 00C8 10] 00 0 6 00 2 E 0  J 0C8 1 0  322         
  77C  [5060102D0 01DF 01] 15 0 6 00 2 D 0  J 1DF 0 1  77D         
  77D  [303111000 0158 51] 13 0 3 11 0 0 0  J 158 5 1  561 CC      
  77E  [506010100 0199 10] 15 0 6 00 1 0 0  J 199 1 0  666         
  77F  [656310000 0159 51] 16 5 6 03 0 0 0  J 159 5 1  565 CC      
  780  [0000005E0 01E0 01] 00 0 0 00 5 E 0  J 1E0 0 1  781         
  781  [606010000 00CC 14] 16 0 6 00 0 0 0  J 0CC 1 4  332    Z0   
  782  [656311000 015B 51] 16 5 6 13 0 0 0  J 15B 5 1  56D CC      
  783  [610510030 002F 24] 16 1 0 05 0 3 0  J 02F 2 4  0BC S1 Z0   
  784  [003101400 01E1 01] 00 0 3 11 4 0 0  J 1E1 0 1  785         
  785  [60601000A 0032 24] 16 0 6 00 0 0 A  J 032 2 4  0C8 S1 Z0   
  786  [066301103 0035 53] 00 6 6 13 1 0 3  J 035 5 3  0D4 CC S2   
  787  [666310000 01E2 00] 16 6 6 03 0 0 0  J 1E2 0 0  788         
  788  [666310000 0000 07] 16 6 6 03 0 0 0  J 000 0 7  000    RT   
  789  [3031102C0 015D 51] 13 0 3 01 2 C 0  J 15D 5 1  575 CC      
  78A  [0060002E0 01E2 11] 00 0 6 00 2 E 0  J 1E2 1 1  78B         
  78B  [313010030 01E3 00] 13 1 3 00 0 3 0  J 1E3 0 0  78C         
  78C  [5060102D0 01E3 01] 15 0 6 00 2 D 0  J 1E3 0 1  78D         
  78D  [313011020 015E 50] 13 1 3 10 0 2 0  J 15E 5 0  578 CC      
  78E  [016000110 01A1 01] 00 1 6 00 1 1 0  J 1A1 0 1  685         
  78F  [616211080 00DC 14] 16 1 6 12 0 8 0  J 0DC 1 4  372    Z0   
  790  [0060002E0 01E4 01] 00 0 6 00 2 E 0  J 1E4 0 1  791         
  791  [0130000DD 01A2 00] 00 1 3 00 0 D D  J 1A2 0 0  688         
  792  [60601000B 01E4 11] 16 0 6 00 0 0 B  J 1E4 1 1  793         
  793  [0060002E0 01E5 00] 00 0 6 00 2 E 0  J 1E5 0 0  794         
  794  [303110000 01E5 01] 13 0 3 01 0 0 0  J 1E5 0 1  795         
  795  [3031105E0 01E5 10] 13 0 3 01 5 E 0  J 1E5 1 0  796         
  796  [606010000 0038 24] 16 0 6 00 0 0 0  J 038 2 4  0E0 S1 Z0   
  797  [303111004 015F 30] 13 0 3 11 0 0 4  J 15F 3 0  57C S3      
  798  [5060102C0 01E6 01] 15 0 6 00 2 C 0  J 1E6 0 1  799         
  799  [303111000 00E2 04] 13 0 3 11 0 0 0  J 0E2 0 4  388    Z0   
  79A  [60001000F 01E6 11] 16 0 0 00 0 0 F  J 1E6 1 1  79B         
  79B  [003000670 0039 32] 00 0 3 00 6 7 0  J 039 3 2  0E4 S3 S0   
  79C  [606010000 00EA 14] 16 0 6 00 0 0 0  J 0EA 1 4  3AA    Z0   
  79D  [0000005D0 01E7 10] 00 0 0 00 5 D 0  J 1E7 1 0  79E         
  79E  [0130000C0 01E7 11] 00 1 3 00 0 C 0  J 1E7 1 1  79F         
  79F  [6040105E0 01E8 00] 16 0 4 00 5 E 0  J 1E8 0 0  7A0         
  7A0  [606010000 00EE 14] 16 0 6 00 0 0 0  J 0EE 1 4  3BA    Z0   
  7A1  [60001000F 00EF 10] 16 0 0 00 0 0 F  J 0EF 1 0  3BE         
  7A2  [000000400 01E8 11] 00 0 0 00 4 0 0  J 1E8 1 1  7A3         
  7A3  [606010000 00F0 04] 16 0 6 00 0 0 0  J 0F0 0 4  3C0    Z0   
  7A4  [604010400 00F1 10] 16 0 4 00 4 0 0  J 0F1 1 0  3C6         
  7A5  [0000005E0 00F4 10] 00 0 0 00 5 E 0  J 0F4 1 0  3D2         
  7A6  [6040102E0 01A7 11] 16 0 4 00 2 E 0  J 1A7 1 1  69F         
  7A7  [0000002E0 0163 00] 00 0 0 00 2 E 0  J 163 0 0  58C         
  7A8  [606010000 00F6 14] 16 0 6 00 0 0 0  J 0F6 1 4  3DA    Z0   
  7A9  [6040102E0 01A7 11] 16 0 4 00 2 E 0  J 1A7 1 1  69F         
  7AA  [610510010 00F8 04] 16 1 0 05 0 1 0  J 0F8 0 4  3E0    Z0   
  7AB  [630510000 00F8 14] 16 3 0 05 0 0 0  J 0F8 1 4  3E2    Z0   
  7AC  [000000003 01A8 01] 00 0 0 00 0 0 3  J 1A8 0 1  6A1         
  7AD  [000000400 01EB 10] 00 0 0 00 4 0 0  J 1EB 1 0  7AE         
  7AE  [610611090 0109 04] 16 1 0 16 0 9 0  J 109 0 4  424    Z0   
  7AF  [0031012E1 0166 01] 00 0 3 11 2 E 1  J 166 0 1  599         
  7B0  [503010627 01EC 01] 15 0 3 00 6 2 7  J 1EC 0 1  7B1         
  7B1  [610510040 010C 14] 16 1 0 05 0 4 0  J 10C 1 4  432    Z0   
  7B2  [006000330 01B0 01] 00 0 6 00 3 3 0  J 1B0 0 1  6C1         
  7B3  [004100680 01B1 00] 00 0 4 01 6 8 0  J 1B1 0 0  6C4         
  7B4  [0063002B0 016A 31] 00 0 6 03 2 B 0  J 16A 3 1  5A9 S3      
  7B5  [465211610 01ED 10] 14 6 5 12 6 1 0  J 1ED 1 0  7B6         
  7B6  [014000060 010E 10] 00 1 4 00 0 6 0  J 10E 1 0  43A         
  7B7  [461311001 016B 50] 14 6 1 13 0 0 1  J 16B 5 0  5AC CC      
  7B8  [206010000 01EE 01] 12 0 6 00 0 0 0  J 1EE 0 1  7B9         
  7B9  [662310000 01EE 10] 16 6 2 03 0 0 0  J 1EE 1 0  7BA         
  7BA  [106010000 01EE 11] 11 0 6 00 0 0 0  J 1EE 1 1  7BB         
  7BB  [661310000 0110 00] 16 6 1 03 0 0 0  J 110 0 0  440         
  7BC  [646310000 016B 51] 16 4 6 03 0 0 0  J 16B 5 1  5AD CC      
  7BD  [200000000 0140 00] 02 0 0 00 0 0 0  J 140 0 0  500         
  7BE  [006000000 016C 00] 00 0 6 00 0 0 0  J 16C 0 0  5B0         
  7BF  [61051001A 01F0 00] 16 1 0 05 0 1 A  J 1F0 0 0  7C0         
  7C0  [010611010 0111 04] 10 1 0 16 0 1 0  J 111 0 4  444    Z0   
  7C1  [640510640 0111 14] 16 4 0 05 6 4 0  J 111 1 4  446    Z0   
  7C2  [066101100 01F0 11] 00 6 6 11 1 0 0  J 1F0 1 1  7C3         
  7C3  [0130000D0 01F1 00] 00 1 3 00 0 D 0  J 1F1 0 0  7C4         
  7C4  [000000400 01F1 01] 00 0 0 00 4 0 0  J 1F1 0 1  7C5         
  7C5  [6106110F0 0113 04] 16 1 0 16 0 F 0  J 113 0 4  44C    Z0   
  7C6  [610510010 0115 14] 16 1 0 05 0 1 0  J 115 1 4  456    Z0   
  7C7  [610611070 0116 04] 16 1 0 16 0 7 0  J 116 0 4  458    Z0   
  7C8  [61051009A 01F2 01] 16 1 0 05 0 9 A  J 1F2 0 1  7C9         
  7C9  [0000106F0 0117 04] 10 0 0 00 6 F 0  J 117 0 4  45C    Z0   
  7CA  [61051009A 01F2 11] 16 1 0 05 0 9 A  J 1F2 1 1  7CB         
  7CB  [0000106F0 0119 04] 10 0 0 00 6 F 0  J 119 0 4  464    Z0   
  7CC  [610510084 011D 04] 16 1 0 05 0 8 4  J 11D 0 4  474    Z0   
  7CD  [0661012D0 01F3 10] 00 6 6 11 2 D 0  J 1F3 1 0  7CE         
  7CE  [0130001D0 01F3 11] 00 1 3 00 1 D 0  J 1F3 1 1  7CF         
  7CF  [0000005D0 01F4 00] 00 0 0 00 5 D 0  J 1F4 0 0  7D0         
  7D0  [3660102D0 01F4 01] 13 6 6 00 2 D 0  J 1F4 0 1  7D1         
  7D1  [000200400 01F4 10] 00 0 0 02 4 0 0  J 1F4 1 0  7D2         
  7D2  [6106110D0 011D 14] 16 1 0 16 0 D 0  J 11D 1 4  476    Z0   
  7D3  [0160000F0 011E 10] 00 1 6 00 0 F 0  J 11E 1 0  47A         
  7D4  [0160001A0 011F 01] 00 1 6 00 1 A 0  J 11F 0 1  47D         
  7D5  [60401000B 01F5 10] 16 0 4 00 0 0 B  J 1F5 1 0  7D6         
  7D6  [010611010 011F 04] 10 1 0 16 0 1 0  J 11F 0 4  47C    Z0   
  7D7  [46011100F 016E 50] 14 6 0 11 0 0 F  J 16E 5 0  5B8 CC      
  7D8  [61061108D 0120 04] 16 1 0 16 0 8 D  J 120 0 4  480    Z0   
  7D9  [510510080 0121 14] 15 1 0 05 0 8 0  J 121 1 4  486    Z0   
  7DA  [666310350 01F6 11] 16 6 6 03 3 5 0  J 1F6 1 1  7DB         
  7DB  [00011000F 0125 10] 10 0 0 01 0 0 F  J 125 1 0  496         
  7DC  [30341110D 01B8 01] 13 0 3 14 1 0 D  J 1B8 0 1  6E1         
  7DD  [101311680 0073 54] 11 0 1 13 6 8 0  J 073 5 4  1CC CC Z0   
  7DE  [003200000 01B9 10] 00 0 3 02 0 0 0  J 1B9 1 0  6E6         
  7DF  [004000000 0171 01] 00 0 4 00 0 0 0  J 171 0 1  5C5         
  7E0  [004000000 01F8 01] 00 0 4 00 0 0 0  J 1F8 0 1  7E1         
  7E1  [003000000 0172 01] 00 0 3 00 0 0 0  J 172 0 1  5C9         
  7E2  [610510040 012B 04] 16 1 0 05 0 4 0  J 12B 0 4  4AC    Z0   
  7E3  [404110690 01F9 00] 14 0 4 01 6 9 0  J 1F9 0 0  7E4         
  7E4  [606311390 0173 51] 16 0 6 13 3 9 0  J 173 5 1  5CD CC      
  7E5  [6466113D0 0173 01] 16 4 6 16 3 D 0  J 173 0 1  5CD         
  7E6  [0000003E0 01F9 11] 00 0 0 00 3 E 0  J 1F9 1 1  7E7         
  7E7  [006101370 01FA 00] 00 0 6 11 3 7 0  J 1FA 0 0  7E8         
  7E8  [006000380 01BB 10] 00 0 6 00 3 8 0  J 1BB 1 0  6EE         
  7E9  [606111370 0174 51] 16 0 6 11 3 7 0  J 174 5 1  5D1 CC      
  7EA  [60601066B 01BC 10] 16 0 6 00 6 6 B  J 1BC 1 0  6F2         
  7EB  [003000000 01FB 00] 00 0 3 00 0 0 0  J 1FB 0 0  7EC         
  7EC  [000000400 0175 31] 00 0 0 00 4 0 0  J 175 3 1  5D5 S3      
  7ED  [506010100 01FB 10] 15 0 6 00 1 0 0  J 1FB 1 0  7EE         
  7EE  [003000000 01FB 11] 00 0 3 00 0 0 0  J 1FB 1 1  7EF         
  7EF  [406010100 0000 07] 14 0 6 00 1 0 0  J 000 0 7  000    RT   
  7F0  [303111000 0176 50] 13 0 3 11 0 0 0  J 176 5 0  5D8 CC      
  7F1  [640611000 0135 14] 16 4 0 16 0 0 0  J 135 1 4  4D6    Z0   
  7F2  [013000010 01BE 01] 00 1 3 00 0 1 0  J 1BE 0 1  6F9         
  7F3  [0140000E0 0178 01] 00 1 4 00 0 E 0  J 178 0 1  5E1         
  7F4  [013000050 013A 10] 00 1 3 00 0 5 0  J 13A 1 0  4EA         
  7F5  [605010000 013B 00] 16 0 5 00 0 0 0  J 13B 0 0  4EC         
  7F6  [303111000 013C 10] 13 0 3 11 0 0 0  J 13C 1 0  4F2         
  7F7  [101311000 017D 00] 11 0 1 13 0 0 0  J 17D 0 0  5F4         
  7F8  [6100100E0 117D 51] 16 1 0 00 0 E 0  C 17D 5 1  5F5 CC      
  7F9  [016000090 01FE 10] 00 1 6 00 0 9 0  J 1FE 1 0  7FA         
  7FA  [0030003E0 11B4 10] 00 0 3 00 3 E 0  C 1B4 1 0  6D2         
  7FB  [013000030 012F 10] 00 1 3 00 0 3 0  J 12F 1 0  4BE         
  7FC  [525210A8A 102A 52] 15 2 5 02 A 8 A  C 02A 5 2  0A8 CC S0   
  7FD  [252501555 0155 25] 02 5 2 15 5 5 5  J 155 2 5  554 S1 nc   
  7FE  [176601F14 117F 77] 01 7 6 16 F 1 4  C 17F 7 7  5FE    RT   
  7FF  [000000000 0130 00] 00 0 0 00 0 0 0  J 130 0 0  4C0         
L 000>
